source,target,timestamp,event_type,punk_type,punk_id
0xc352b534e8b987e036a93539fd6897f53488e56a,0xc2f87f88df0f2c602a9a7dc2e89cecdb9790d972,1498787838,PunkTransfer,Zombie,987
0xc352b534e8b987e036a93539fd6897f53488e56a,0xba19ba5233b49794c33f01654e99a60e579e6f29,1613166965,PunkBought,Zombie,2329
0xc352b534e8b987e036a93539fd6897f53488e56a,0x897aea3d51dcba918c41ae23f5d9a7411671dee0,1623268204,PunkTransfer,Alien,635
0xcbd482af76059e2a5e4a825c4cd5ced9f2dfe286,0x577ebc5de943e35cdf9ecb5bbe1f7d7cb6c7c647,1612030891,PunkTransfer,Zombie,6491
0xff84140cedeee480b804d211b48a2a6d68ba5941,0xd27e3f4f2c3576ecff31bbd113c71ca2e8f374e8,1500222563,PunkTransfer,Zombie,1935
0x5b098b00621eda6a96b7a476220661ad265f083f,0xcbd482af76059e2a5e4a825c4cd5ced9f2dfe286,1498281737,PunkTransfer,Zombie,6491
0x5b098b00621eda6a96b7a476220661ad265f083f,0xcc7c335f3365ae3f7e4e8c9535dc92780a4add9d,1498930362,PunkBought,Ape,9265
0x5f7190b7943858b7bdd24f069241612091c6a986,0x2d91aa773670cc1974f33361b4fce11cb9c49808,1599889579,PunkTransfer,Ape,2711
0x5f7190b7943858b7bdd24f069241612091c6a986,0x69021ae8769586d56791d29615959997c2012b99,1619327353,PunkTransfer,Ape,2711
0x5f7190b7943858b7bdd24f069241612091c6a986,0x69021ae8769586d56791d29615959997c2012b99,1619327451,PunkTransfer,Zombie,4747
0x6611fe71c233e4e7510b2795c242c9a57790b376,0x24c5eba1f94b34efb3226ee3ae06884057752c2a,1611429153,PunkBought,Alien,2890
0x6611fe71c233e4e7510b2795c242c9a57790b376,0x7b8961f67382c51c389726667ef7dd7cf95fefd3,1615496221,PunkBought,Alien,3100
0x6611fe71c233e4e7510b2795c242c9a57790b376,0xd4b5d09a7f72ac7ebc1853fd2663bdd23c059b02,1625426414,PunkBought,Zombie,1886
0x6611fe71c233e4e7510b2795c242c9a57790b376,0x8e232860171762f6ff2d22d1fcc45af78bd3fbb5,1633832318,PunkTransfer,Alien,6089
0x6611fe71c233e4e7510b2795c242c9a57790b376,0x8e232860171762f6ff2d22d1fcc45af78bd3fbb5,1633832744,PunkTransfer,Ape,9280
0x6611fe71c233e4e7510b2795c242c9a57790b376,0x8e232860171762f6ff2d22d1fcc45af78bd3fbb5,1633833844,PunkTransfer,Ape,5795
0x00bd9fd57c423a1b1c969823d409156d90974d77,0xca8fe4acb1cb8b5550a3c71ffe2399f6c7016686,1520494518,PunkTransfer,Zombie,6304
0xc24f574d6853f6f6a31c19d468a8c1b3f31c0e54,0x1f8adddd1afb62a35acbe9cb27b572183d00584e,1587874969,PunkBought,Zombie,2249
0xc5d739a29e3f97b59ddb1d8f46aaa2e46496d462,0x0f4023208058ecffcb22a7409df11f6d6013fe8a,1499032492,PunkBought,Zombie,2329
0xc5d739a29e3f97b59ddb1d8f46aaa2e46496d462,0x0cea5bd314d5f476f8b1613af143a922844c4ca6,1500863419,PunkTransfer,Ape,5217
0x36a5bc205df1ed65c86301022cfc343a6ce546ff,0xee3766e4f996dc0e0f8c929954eaafef3441de87,1579283078,PunkBought,Ape,5314
0x36a5bc205df1ed65c86301022cfc343a6ce546ff,0x2f2f237d2e655cc0a6f6fef761e5aef13087e71f,1627818624,PunkTransfer,Zombie,7252
0x36a5bc205df1ed65c86301022cfc343a6ce546ff,0x2f2f237d2e655cc0a6f6fef761e5aef13087e71f,1627818640,PunkTransfer,Zombie,1526
0x36a5bc205df1ed65c86301022cfc343a6ce546ff,0x2f2f237d2e655cc0a6f6fef761e5aef13087e71f,1627818658,PunkTransfer,Ape,1021
0x36a5bc205df1ed65c86301022cfc343a6ce546ff,0x2f2f237d2e655cc0a6f6fef761e5aef13087e71f,1627818658,PunkTransfer,Ape,2491
0x36a5bc205df1ed65c86301022cfc343a6ce546ff,0x2f2f237d2e655cc0a6f6fef761e5aef13087e71f,1627818658,PunkTransfer,Ape,2243
0xc2f87f88df0f2c602a9a7dc2e89cecdb9790d972,0x88c50035b55cbc584a1b7db517e11e2d24a2e4ba,1613441326,PunkTransfer,Zombie,987
0x53ede7cae3eb6a7d11429fe589c0278c9acbe21a,0x03911fecabd6b4809c88e2e6eb856ec932b2ee3e,1514843241,PunkBought,Ape,6965
0x58164b2d74c45f06cde451fc307092d55ebe5730,0x8e662143178bb8c797620a3a61f34a71832475b0,1524412399,PunkBought,Zombie,2329
0xd8e80673419acfbf15bf8eb0239cda90f232051f,0x4dcaf34d9fbc21c222c46bd0fc78b02609b00897,1499918479,PunkBought,Ape,2924
0xd8e80673419acfbf15bf8eb0239cda90f232051f,0x1aff1e0f1d5f76f92145a278d8c31af9ade783dd,1503935761,PunkBought,Zombie,7458
0xd8e80673419acfbf15bf8eb0239cda90f232051f,0xc24f574d6853f6f6a31c19d468a8c1b3f31c0e54,1503935761,PunkBought,Zombie,2249
0x365e35652879023f12b5cf4c44eb9c1cf2f6f549,0xd387a6e4e84a6c86bd90c158c6028a58cc8ac459,1614157405,PunkBought,Zombie,1119
0xcc7c335f3365ae3f7e4e8c9535dc92780a4add9d,0xfba9ef04e1c51bc298d5c7c71514de68ba8cb9a0,1634770617,PunkTransfer,Ape,9265
0x7e23a0a9fd1105ca4b1dc9b7e0f0aab3b7071caa,0x0b87ca227ba6bb755d823ad4fee2b8e9d0e7a409,1600811019,PunkTransfer,Zombie,9997
0x0f4023208058ecffcb22a7409df11f6d6013fe8a,0x58164b2d74c45f06cde451fc307092d55ebe5730,1500491889,PunkBought,Zombie,2329
0x0f4023208058ecffcb22a7409df11f6d6013fe8a,0x03911fecabd6b4809c88e2e6eb856ec932b2ee3e,1514846119,PunkBought,Zombie,1374
0x0ed6fed4df8480c1d1b3b78537cfb8f9c22a81ef,0x9c00c25fee258855360465f5c1759750c9a375a4,1601715067,PunkTransfer,Zombie,2484
0x0ed6fed4df8480c1d1b3b78537cfb8f9c22a81ef,0x63a9dbce75413036b2b778e670aabd4493aaf9f3,1604265161,PunkBought,Zombie,1190
0x0ed6fed4df8480c1d1b3b78537cfb8f9c22a81ef,0x3499ee5c0b3cfe381340d5839d0d8a74ea452a7f,1605551532,PunkTransfer,Zombie,5412
0x0ed6fed4df8480c1d1b3b78537cfb8f9c22a81ef,0xbf6ccf49cc2874f01916d747a8fe97f14a082be0,1609021250,PunkBought,Zombie,2681
0x8234be55f64ea91960b78357906cf5bebce81f3d,0x9aa6eb65f042e197d1293f36c5bb887dfb9e585c,1525291344,PunkBought,Zombie,8857
0x585f98cf291f081405412edafcf471d19003ca9c,0x7760e0243ca9baa630412865df7b39afba42ff0f,1515996152,PunkBought,Ape,7191
0x585f98cf291f081405412edafcf471d19003ca9c,0x7760e0243ca9baa630412865df7b39afba42ff0f,1515996668,PunkBought,Ape,6145
0x585f98cf291f081405412edafcf471d19003ca9c,0x33eaaee9d0a6192d11bbb370aee0e5d22c3335b5,1602165842,PunkTransfer,Ape,8219
0x585f98cf291f081405412edafcf471d19003ca9c,0x33eaaee9d0a6192d11bbb370aee0e5d22c3335b5,1602165862,PunkTransfer,Ape,4464
0xaac01287db710d7f8c7cfbaee833c8b8b3546c3e,0x0cea5bd314d5f476f8b1613af143a922844c4ca6,1500863332,PunkTransfer,Ape,2140
0xaac01287db710d7f8c7cfbaee833c8b8b3546c3e,0x0cea5bd314d5f476f8b1613af143a922844c4ca6,1500863379,PunkTransfer,Zombie,8909
0x00d7c902fbbcd3c9db2da80a439c94486c50eb81,0xe3d78ce35d90bc404a71121c4585b138bb3d419e,1559862189,PunkTransfer,Zombie,5742
0x5462dee16b3f4d240ebbe52c9c4214c912ccdda4,0x00d7c902fbbcd3c9db2da80a439c94486c50eb81,1498617014,PunkBought,Zombie,5742
0x5462dee16b3f4d240ebbe52c9c4214c912ccdda4,0x00bd3a6660309fb9e0129b9b777a9ccb9c2869dc,1498654489,PunkBought,Zombie,1886
0x5462dee16b3f4d240ebbe52c9c4214c912ccdda4,0x00bd3a6660309fb9e0129b9b777a9ccb9c2869dc,1498661128,PunkBought,Zombie,1374
0x5462dee16b3f4d240ebbe52c9c4214c912ccdda4,0x00bd3a6660309fb9e0129b9b777a9ccb9c2869dc,1499204673,PunkBought,Zombie,2249
0x5462dee16b3f4d240ebbe52c9c4214c912ccdda4,0x00bd3a6660309fb9e0129b9b777a9ccb9c2869dc,1499206992,PunkBought,Zombie,2338
0x5462dee16b3f4d240ebbe52c9c4214c912ccdda4,0x5f7190b7943858b7bdd24f069241612091c6a986,1498667230,PunkBought,Zombie,4747
0x5462dee16b3f4d240ebbe52c9c4214c912ccdda4,0xa0a59ca1ee70155da46bb8913d6d87c28dd4a7a3,1499197867,PunkBought,Zombie,3831
0x5462dee16b3f4d240ebbe52c9c4214c912ccdda4,0xa0a59ca1ee70155da46bb8913d6d87c28dd4a7a3,1499203708,PunkBought,Zombie,9203
0x5462dee16b3f4d240ebbe52c9c4214c912ccdda4,0xff84140cedeee480b804d211b48a2a6d68ba5941,1499203599,PunkBought,Zombie,1935
0x5462dee16b3f4d240ebbe52c9c4214c912ccdda4,0x7174039818a41e1ae40fdcfa3e293b0f41592af2,1499396887,PunkBought,Zombie,2938
0x5462dee16b3f4d240ebbe52c9c4214c912ccdda4,0x7174039818a41e1ae40fdcfa3e293b0f41592af2,1518841862,PunkBought,Zombie,3328
0x5462dee16b3f4d240ebbe52c9c4214c912ccdda4,0x7760e0243ca9baa630412865df7b39afba42ff0f,1504377013,PunkBought,Zombie,8780
0x5462dee16b3f4d240ebbe52c9c4214c912ccdda4,0x7760e0243ca9baa630412865df7b39afba42ff0f,1504377628,PunkBought,Zombie,2708
0x5462dee16b3f4d240ebbe52c9c4214c912ccdda4,0x8ca89c56aefd379baa15e0ec91c7f5ae7f5b096f,1513238421,PunkBought,Zombie,2967
0x5462dee16b3f4d240ebbe52c9c4214c912ccdda4,0x3d826e692d336578bd4e1a4b7ba57aca8668c79f,1534282834,PunkBought,Zombie,6649
0x5462dee16b3f4d240ebbe52c9c4214c912ccdda4,0xe83c750b2708320bb134796c555b80df39a3d97b,1556501748,PunkTransfer,Ape,8498
0x5462dee16b3f4d240ebbe52c9c4214c912ccdda4,0xe83c750b2708320bb134796c555b80df39a3d97b,1556503664,PunkTransfer,Zombie,1478
0x5462dee16b3f4d240ebbe52c9c4214c912ccdda4,0xe83c750b2708320bb134796c555b80df39a3d97b,1556503848,PunkTransfer,Ape,5217
0x5462dee16b3f4d240ebbe52c9c4214c912ccdda4,0xe83c750b2708320bb134796c555b80df39a3d97b,1556504009,PunkTransfer,Zombie,8472
0x5462dee16b3f4d240ebbe52c9c4214c912ccdda4,0xe83c750b2708320bb134796c555b80df39a3d97b,1556504041,PunkTransfer,Zombie,6784
0x5462dee16b3f4d240ebbe52c9c4214c912ccdda4,0xe83c750b2708320bb134796c555b80df39a3d97b,1556504204,PunkTransfer,Zombie,3393
0x5462dee16b3f4d240ebbe52c9c4214c912ccdda4,0xe83c750b2708320bb134796c555b80df39a3d97b,1556504282,PunkTransfer,Zombie,9474
0x5462dee16b3f4d240ebbe52c9c4214c912ccdda4,0xe83c750b2708320bb134796c555b80df39a3d97b,1556504381,PunkTransfer,Zombie,7121
0x5462dee16b3f4d240ebbe52c9c4214c912ccdda4,0xe83c750b2708320bb134796c555b80df39a3d97b,1556504418,PunkTransfer,Zombie,8553
0x5462dee16b3f4d240ebbe52c9c4214c912ccdda4,0xe83c750b2708320bb134796c555b80df39a3d97b,1556504434,PunkTransfer,Zombie,2066
0x5462dee16b3f4d240ebbe52c9c4214c912ccdda4,0xe83c750b2708320bb134796c555b80df39a3d97b,1556504523,PunkTransfer,Zombie,2566
0x5462dee16b3f4d240ebbe52c9c4214c912ccdda4,0xe83c750b2708320bb134796c555b80df39a3d97b,1556504566,PunkTransfer,Zombie,2424
0x5462dee16b3f4d240ebbe52c9c4214c912ccdda4,0xe83c750b2708320bb134796c555b80df39a3d97b,1556504640,PunkTransfer,Zombie,8531
0x5462dee16b3f4d240ebbe52c9c4214c912ccdda4,0xe83c750b2708320bb134796c555b80df39a3d97b,1556504723,PunkTransfer,Zombie,5066
0x5462dee16b3f4d240ebbe52c9c4214c912ccdda4,0xe83c750b2708320bb134796c555b80df39a3d97b,1556504769,PunkTransfer,Zombie,6586
0x5462dee16b3f4d240ebbe52c9c4214c912ccdda4,0xe83c750b2708320bb134796c555b80df39a3d97b,1556504815,PunkTransfer,Zombie,8307
0x5462dee16b3f4d240ebbe52c9c4214c912ccdda4,0xe83c750b2708320bb134796c555b80df39a3d97b,1556504857,PunkTransfer,Zombie,3211
0x5462dee16b3f4d240ebbe52c9c4214c912ccdda4,0xe83c750b2708320bb134796c555b80df39a3d97b,1556504963,PunkTransfer,Zombie,3489
0x5462dee16b3f4d240ebbe52c9c4214c912ccdda4,0xe83c750b2708320bb134796c555b80df39a3d97b,1556505024,PunkTransfer,Zombie,2306
0x5462dee16b3f4d240ebbe52c9c4214c912ccdda4,0xe83c750b2708320bb134796c555b80df39a3d97b,1556505060,PunkTransfer,Zombie,5944
0x5462dee16b3f4d240ebbe52c9c4214c912ccdda4,0xe83c750b2708320bb134796c555b80df39a3d97b,1556505137,PunkTransfer,Zombie,3609
0x5462dee16b3f4d240ebbe52c9c4214c912ccdda4,0x0000000000000000000000000000000000000001,1556504576,PunkTransfer,Zombie,3493
0x723e66adff8760d522dd500e83ba56a3203aab33,0x66c7a7348250f453a37cf86410a946f9668de386,1550675291,PunkTransfer,Zombie,1658
0x723e66adff8760d522dd500e83ba56a3203aab33,0x66c7a7348250f453a37cf86410a946f9668de386,1550675637,PunkTransfer,Zombie,1748
0x723e66adff8760d522dd500e83ba56a3203aab33,0x66c7a7348250f453a37cf86410a946f9668de386,1550675688,PunkTransfer,Zombie,4874
0x723e66adff8760d522dd500e83ba56a3203aab33,0x66c7a7348250f453a37cf86410a946f9668de386,1550675762,PunkTransfer,Zombie,5253
0x723e66adff8760d522dd500e83ba56a3203aab33,0x66c7a7348250f453a37cf86410a946f9668de386,1550677532,PunkTransfer,Zombie,5299
0x723e66adff8760d522dd500e83ba56a3203aab33,0x66c7a7348250f453a37cf86410a946f9668de386,1550677624,PunkTransfer,Zombie,5312
0x723e66adff8760d522dd500e83ba56a3203aab33,0x66c7a7348250f453a37cf86410a946f9668de386,1550677658,PunkTransfer,Zombie,5336
0x723e66adff8760d522dd500e83ba56a3203aab33,0x66c7a7348250f453a37cf86410a946f9668de386,1550677700,PunkTransfer,Zombie,5489
0x723e66adff8760d522dd500e83ba56a3203aab33,0x66c7a7348250f453a37cf86410a946f9668de386,1550677837,PunkTransfer,Zombie,5761
0x723e66adff8760d522dd500e83ba56a3203aab33,0x66c7a7348250f453a37cf86410a946f9668de386,1550677943,PunkTransfer,Zombie,6515
0x723e66adff8760d522dd500e83ba56a3203aab33,0x66c7a7348250f453a37cf86410a946f9668de386,1550677943,PunkTransfer,Zombie,7014
0x723e66adff8760d522dd500e83ba56a3203aab33,0x66c7a7348250f453a37cf86410a946f9668de386,1550678148,PunkTransfer,Zombie,7127
0x723e66adff8760d522dd500e83ba56a3203aab33,0x66c7a7348250f453a37cf86410a946f9668de386,1550678186,PunkTransfer,Zombie,7660
0x723e66adff8760d522dd500e83ba56a3203aab33,0x66c7a7348250f453a37cf86410a946f9668de386,1550678367,PunkTransfer,Zombie,8386
0x723e66adff8760d522dd500e83ba56a3203aab33,0x66c7a7348250f453a37cf86410a946f9668de386,1550678423,PunkTransfer,Zombie,8957
0x723e66adff8760d522dd500e83ba56a3203aab33,0x66c7a7348250f453a37cf86410a946f9668de386,1550678506,PunkTransfer,Zombie,9804
0x723e66adff8760d522dd500e83ba56a3203aab33,0x66c7a7348250f453a37cf86410a946f9668de386,1550678506,PunkTransfer,Zombie,9955
0x723e66adff8760d522dd500e83ba56a3203aab33,0x66c7a7348250f453a37cf86410a946f9668de386,1550678534,PunkTransfer,Zombie,9838
0x01486c3891761e93e5107890286abdc1834fc6d7,0xd8e80673419acfbf15bf8eb0239cda90f232051f,1499816220,PunkBought,Ape,2924
0x01486c3891761e93e5107890286abdc1834fc6d7,0x00bd3a6660309fb9e0129b9b777a9ccb9c2869dc,1499816670,PunkBought,Ape,8498
0x01486c3891761e93e5107890286abdc1834fc6d7,0x7174039818a41e1ae40fdcfa3e293b0f41592af2,1499938863,PunkBought,Zombie,2132
0xa9bfa94ab1497c08b7c02c9516d4eb1f07c90d40,0xd8e80673419acfbf15bf8eb0239cda90f232051f,1501803853,PunkBought,Zombie,7458
0xa9bfa94ab1497c08b7c02c9516d4eb1f07c90d40,0xa0a59ca1ee70155da46bb8913d6d87c28dd4a7a3,1501803853,PunkBought,Zombie,7756
0x8321795bdace7428d4fadfa30c2ee8e727e491e5,0xdde8df9a7dc9f68bdac815f493d1d731de911b5a,1524233903,PunkBought,Zombie,2560
0x8321795bdace7428d4fadfa30c2ee8e727e491e5,0x51787a2c56d710c68140bdadefd3a98bff96feb4,1589662158,PunkBought,Zombie,4513
0x8321795bdace7428d4fadfa30c2ee8e727e491e5,0x2817aa3541a74f2b58136924b20409ca63e44917,1600455309,PunkTransfer,Zombie,9909
0x8321795bdace7428d4fadfa30c2ee8e727e491e5,0x2817aa3541a74f2b58136924b20409ca63e44917,1602961227,PunkTransfer,Zombie,6297
0x8321795bdace7428d4fadfa30c2ee8e727e491e5,0xb89ad8872955c76adb4d497bc4f5bad612d5dad1,1601303270,PunkTransfer,Zombie,4830
0x8321795bdace7428d4fadfa30c2ee8e727e491e5,0xf983557ec70fbf1a4b1e247af7bf10247e9b69c4,1603872254,PunkBought,Zombie,9909
0x8321795bdace7428d4fadfa30c2ee8e727e491e5,0x7224a1a8750d77c182d7ade10b8edcbd3aae0e2d,1609500540,PunkBought,Zombie,9368
0x8321795bdace7428d4fadfa30c2ee8e727e491e5,0xc606bb4a465cccb880a82697dd7c35caefe9518c,1612735882,PunkBought,Zombie,6297
0x8321795bdace7428d4fadfa30c2ee8e727e491e5,0xfb5251bf63e23822efd3429c7557e72753060e59,1614846005,PunkBought,Zombie,5234
0x8321795bdace7428d4fadfa30c2ee8e727e491e5,0xb47a70df538b9a3b591bc5d75da66a04c879b291,1616168202,PunkTransfer,Zombie,4830
0x8321795bdace7428d4fadfa30c2ee8e727e491e5,0xb47a70df538b9a3b591bc5d75da66a04c879b291,1616168446,PunkTransfer,Zombie,5573
0x8321795bdace7428d4fadfa30c2ee8e727e491e5,0xb47a70df538b9a3b591bc5d75da66a04c879b291,1616168589,PunkTransfer,Ape,2460
0x1e32a859d69dde58d03820f8f138c99b688d132f,0x6611fe71c233e4e7510b2795c242c9a57790b376,1498928716,PunkBought,Alien,6089
0x1e32a859d69dde58d03820f8f138c99b688d132f,0x6611fe71c233e4e7510b2795c242c9a57790b376,1499095634,PunkBought,Ape,5795
0x1e32a859d69dde58d03820f8f138c99b688d132f,0x6611fe71c233e4e7510b2795c242c9a57790b376,1499143474,PunkBought,Ape,9280
0x1e32a859d69dde58d03820f8f138c99b688d132f,0x6611fe71c233e4e7510b2795c242c9a57790b376,1499364522,PunkBought,Alien,3100
0x1e32a859d69dde58d03820f8f138c99b688d132f,0x6611fe71c233e4e7510b2795c242c9a57790b376,1499364540,PunkBought,Alien,2890
0x1e32a859d69dde58d03820f8f138c99b688d132f,0x5f7190b7943858b7bdd24f069241612091c6a986,1499069157,PunkBought,Ape,2711
0x1e32a859d69dde58d03820f8f138c99b688d132f,0x00bd3a6660309fb9e0129b9b777a9ccb9c2869dc,1499102508,PunkBought,Ape,6965
0x1e32a859d69dde58d03820f8f138c99b688d132f,0x00b278dd68f9d8491795ffaf771120638bef1686,1499177976,PunkBought,Alien,5905
0x1e32a859d69dde58d03820f8f138c99b688d132f,0x00b278dd68f9d8491795ffaf771120638bef1686,1499710299,PunkBought,Alien,5822
0x1e32a859d69dde58d03820f8f138c99b688d132f,0x00b278dd68f9d8491795ffaf771120638bef1686,1499710481,PunkBought,Alien,7523
0x1e32a859d69dde58d03820f8f138c99b688d132f,0x4dcaf34d9fbc21c222c46bd0fc78b02609b00897,1499456041,PunkBought,Ape,4178
0x1e32a859d69dde58d03820f8f138c99b688d132f,0x4dcaf34d9fbc21c222c46bd0fc78b02609b00897,1500425096,PunkBought,Ape,2386
0x1e32a859d69dde58d03820f8f138c99b688d132f,0x8adbff0b3a45059c0578a05e00c7bf38c4f349a9,1513206918,PunkBought,Ape,6915
0x1e32a859d69dde58d03820f8f138c99b688d132f,0x03911fecabd6b4809c88e2e6eb856ec932b2ee3e,1515598633,PunkBought,Alien,7804
0x1e32a859d69dde58d03820f8f138c99b688d132f,0x9c9113d1daae97675776a4151402f5efb2d7bfc7,1636876918,PunkTransfer,Ape,5577
0x63e776c2b49b46a2bbc00c31fb5073051b2d6172,0xb11d6a1ad3d9ae2800ceb55fbbc4ee2273b94cd8,1504076215,PunkBought,Ape,4156
0x13c7bdff220cf27f382baa3d7a281614cbe54f37,0x1e32a859d69dde58d03820f8f138c99b688d132f,1615364636,PunkTransfer,Ape,5577
0x9f41a4b4a09721fee705681963141035dc0023af,0xaff336d5653776e9ce858d9d28f9d755c53979df,1630741739,PunkTransfer,Zombie,6275
0x9788301db1cde6bb33205eec2e4f6d7c1ed54625,0x976b598539eef4e35297866ffce465d2e94b7cc7,1538491721,PunkBought,Zombie,6704
0x00bd3a6660309fb9e0129b9b777a9ccb9c2869dc,0x0f4023208058ecffcb22a7409df11f6d6013fe8a,1498774448,PunkBought,Zombie,1374
0x00bd3a6660309fb9e0129b9b777a9ccb9c2869dc,0x6611fe71c233e4e7510b2795c242c9a57790b376,1498854143,PunkBought,Zombie,1886
0x00bd3a6660309fb9e0129b9b777a9ccb9c2869dc,0x53ede7cae3eb6a7d11429fe589c0278c9acbe21a,1499178760,PunkBought,Ape,6965
0x00bd3a6660309fb9e0129b9b777a9ccb9c2869dc,0x4dcaf34d9fbc21c222c46bd0fc78b02609b00897,1499456444,PunkBought,Zombie,2338
0x00bd3a6660309fb9e0129b9b777a9ccb9c2869dc,0xd8e80673419acfbf15bf8eb0239cda90f232051f,1500125453,PunkBought,Zombie,2249
0x00bd3a6660309fb9e0129b9b777a9ccb9c2869dc,0xe8723d26ad5f7ff4ea8902d235f0a8f8b8802f6d,1514563215,PunkTransfer,Ape,8498
0xca8fe4acb1cb8b5550a3c71ffe2399f6c7016686,0x062c5432107e3b9ad924512209a7468b5c200fcd,1615705826,PunkTransfer,Zombie,6304
0xa0a59ca1ee70155da46bb8913d6d87c28dd4a7a3,0xf5099e196469257c0d457e896a648d5f616af034,1499454833,PunkTransfer,Zombie,9203
0xa0a59ca1ee70155da46bb8913d6d87c28dd4a7a3,0xf5099e196469257c0d457e896a648d5f616af034,1499455049,PunkTransfer,Zombie,3831
0xa0a59ca1ee70155da46bb8913d6d87c28dd4a7a3,0xf5099e196469257c0d457e896a648d5f616af034,1501809763,PunkTransfer,Zombie,7756
0x4dcaf34d9fbc21c222c46bd0fc78b02609b00897,0x2db1c4419063939349431eb52f52b18b8ddbf592,1542748257,PunkBought,Zombie,2338
0x4dcaf34d9fbc21c222c46bd0fc78b02609b00897,0x78f0269f5b1ca914c8c58993f41181f89e212b27,1587913375,PunkBought,Ape,2386
0x4dcaf34d9fbc21c222c46bd0fc78b02609b00897,0x78f0269f5b1ca914c8c58993f41181f89e212b27,1587916047,PunkBought,Ape,4178
0x4dcaf34d9fbc21c222c46bd0fc78b02609b00897,0x51787a2c56d710c68140bdadefd3a98bff96feb4,1605308076,PunkBought,Ape,2924
0x00b278dd68f9d8491795ffaf771120638bef1686,0x7eb28b2f14a59789ec4c782a5dd957f9c8f33f6b,1613938822,PunkTransfer,Alien,7523
0x00b278dd68f9d8491795ffaf771120638bef1686,0x7eb28b2f14a59789ec4c782a5dd957f9c8f33f6b,1613938992,PunkTransfer,Alien,5822
0x00b278dd68f9d8491795ffaf771120638bef1686,0x7eb28b2f14a59789ec4c782a5dd957f9c8f33f6b,1613939129,PunkTransfer,Alien,5905
0xf5099e196469257c0d457e896a648d5f616af034,0xe8723d26ad5f7ff4ea8902d235f0a8f8b8802f6d,1545720373,PunkBought,Zombie,7756
0xf5099e196469257c0d457e896a648d5f616af034,0x7d438bf6567673867480b7923669bf349e6c8c12,1568304566,PunkBought,Zombie,3831
0xf5099e196469257c0d457e896a648d5f616af034,0xa7c98308c1b819aa995516bf621e17ed8bd04740,1557777077,PunkBought,Zombie,9203
0xd27e3f4f2c3576ecff31bbd113c71ca2e8f374e8,0x7e5280b7b81c35b2a8eeac329d8a51ade5c6f354,1507112214,PunkTransfer,Zombie,1935
0x0cea5bd314d5f476f8b1613af143a922844c4ca6,0xf3860788d1597cecf938424baabe976fac87dc26,1514329237,PunkBought,Ape,5217
0x0cea5bd314d5f476f8b1613af143a922844c4ca6,0xd387a6e4e84a6c86bd90c158c6028a58cc8ac459,1613990570,PunkBought,Ape,2140
0x0cea5bd314d5f476f8b1613af143a922844c4ca6,0x9ad613e2f47d9babceff0441836ee2afcf05c472,1620542151,PunkTransfer,Zombie,8909
0xb11d6a1ad3d9ae2800ceb55fbbc4ee2273b94cd8,0xc2ac3c875b2785b7654eb174fad174d718c8c07f,1513232011,PunkTransfer,Ape,4156
0x1aff1e0f1d5f76f92145a278d8c31af9ade783dd,0xf9dde1fed9a7ff50fdcfa72b8d9e0d4c7609d532,1590671744,PunkBought,Zombie,7458
0x7e5280b7b81c35b2a8eeac329d8a51ade5c6f354,0x0601d0235645a6ce6356ef11aa0b225c68605131,1559712993,PunkTransfer,Zombie,1935
0xe8723d26ad5f7ff4ea8902d235f0a8f8b8802f6d,0xf3860788d1597cecf938424baabe976fac87dc26,1515973012,PunkBought,Ape,8498
0xe8723d26ad5f7ff4ea8902d235f0a8f8b8802f6d,0x9e199d8a3a39c9892b1c3ae348a382662dcbaa12,1537216128,PunkBought,Ape,4156
0xe8723d26ad5f7ff4ea8902d235f0a8f8b8802f6d,0x9e199d8a3a39c9892b1c3ae348a382662dcbaa12,1547144905,PunkBought,Zombie,7756
0xe8723d26ad5f7ff4ea8902d235f0a8f8b8802f6d,0xef6d69922bc2d038cb508086846524f8011c4a74,1607311959,PunkBought,Zombie,2484
0xc2ac3c875b2785b7654eb174fad174d718c8c07f,0xe8723d26ad5f7ff4ea8902d235f0a8f8b8802f6d,1534097066,PunkBought,Ape,4156
0xf3860788d1597cecf938424baabe976fac87dc26,0x5462dee16b3f4d240ebbe52c9c4214c912ccdda4,1514518078,PunkTransfer,Ape,5217
0xf3860788d1597cecf938424baabe976fac87dc26,0x5462dee16b3f4d240ebbe52c9c4214c912ccdda4,1515982583,PunkTransfer,Ape,8498
0x3d826e692d336578bd4e1a4b7ba57aca8668c79f,0xd387a6e4e84a6c86bd90c158c6028a58cc8ac459,1609023362,PunkBought,Zombie,6649
0x03911fecabd6b4809c88e2e6eb856ec932b2ee3e,0x99b57c09f37a3657e2215afd59f7b4de98bce3ff,1613744828,PunkBought,Ape,6965
0x03911fecabd6b4809c88e2e6eb856ec932b2ee3e,0xf4b4a58974524e183c275f3c6ea895bc2368e738,1615423719,PunkBought,Alien,7804
0x03911fecabd6b4809c88e2e6eb856ec932b2ee3e,0x8e7644918b3e280fb3b599ca381a4efcb7ade201,1626935197,PunkTransfer,Zombie,1374
0x9e199d8a3a39c9892b1c3ae348a382662dcbaa12,0x6f35b0cfc58eb1e21eef8a439bbb0ce4c929d32a,1599495043,PunkBought,Zombie,7756
0x9e199d8a3a39c9892b1c3ae348a382662dcbaa12,0xf476cd75be8fdd197ae0b466a2ec2ae44da41897,1613665167,PunkBought,Ape,4156
0x9aa6eb65f042e197d1293f36c5bb887dfb9e585c,0x389747708cfe615ca6825243d476c0ebe268e192,1611860160,PunkTransfer,Zombie,8857
0x8e662143178bb8c797620a3a61f34a71832475b0,0xc352b534e8b987e036a93539fd6897f53488e56a,1581348331,PunkBought,Zombie,2329
0x976b598539eef4e35297866ffce465d2e94b7cc7,0x243d84f6ff73cce185d883b24bbadb74f950de31,1538520446,PunkTransfer,Zombie,6704
0x243d84f6ff73cce185d883b24bbadb74f950de31,0x655533fae22bdde1d73bf7abe97c76f41ffff54d,1603126876,PunkTransfer,Zombie,6704
0x2db1c4419063939349431eb52f52b18b8ddbf592,0xfab9b89d9a0317f0f2a0e6643a1c956c66550ed4,1577570207,PunkTransfer,Zombie,2338
0x66c7a7348250f453a37cf86410a946f9668de386,0x78f0269f5b1ca914c8c58993f41181f89e212b27,1577990102,PunkBought,Zombie,9955
0xe83c750b2708320bb134796c555b80df39a3d97b,0xc352b534e8b987e036a93539fd6897f53488e56a,1580848147,PunkTransfer,Zombie,9474
0xe83c750b2708320bb134796c555b80df39a3d97b,0x51787a2c56d710c68140bdadefd3a98bff96feb4,1599428702,PunkBought,Zombie,5944
0xe83c750b2708320bb134796c555b80df39a3d97b,0x77300de3acddd2e87b96bff1946f1371555fd315,1600119681,PunkTransfer,Zombie,2424
0xe83c750b2708320bb134796c555b80df39a3d97b,0x77300de3acddd2e87b96bff1946f1371555fd315,1600127800,PunkTransfer,Zombie,2306
0xe83c750b2708320bb134796c555b80df39a3d97b,0x77300de3acddd2e87b96bff1946f1371555fd315,1600190236,PunkTransfer,Zombie,5066
0xe83c750b2708320bb134796c555b80df39a3d97b,0x77300de3acddd2e87b96bff1946f1371555fd315,1600741104,PunkTransfer,Zombie,8553
0xe83c750b2708320bb134796c555b80df39a3d97b,0x77300de3acddd2e87b96bff1946f1371555fd315,1600742230,PunkTransfer,Ape,5217
0xe83c750b2708320bb134796c555b80df39a3d97b,0x77300de3acddd2e87b96bff1946f1371555fd315,1601150047,PunkTransfer,Zombie,8307
0xe83c750b2708320bb134796c555b80df39a3d97b,0x77300de3acddd2e87b96bff1946f1371555fd315,1601750029,PunkTransfer,Zombie,3609
0xe83c750b2708320bb134796c555b80df39a3d97b,0x77300de3acddd2e87b96bff1946f1371555fd315,1608611714,PunkTransfer,Zombie,3609
0xe83c750b2708320bb134796c555b80df39a3d97b,0xb88f61e6fbda83fbfffabe364112137480398018,1609863680,PunkTransfer,Zombie,3211
0xe83c750b2708320bb134796c555b80df39a3d97b,0xb1adceddb2941033a090dd166a462fe1c2029484,1613015179,PunkBought,Zombie,3489
0xe83c750b2708320bb134796c555b80df39a3d97b,0xb1adceddb2941033a090dd166a462fe1c2029484,1613015184,PunkBought,Zombie,6784
0xe83c750b2708320bb134796c555b80df39a3d97b,0xb1adceddb2941033a090dd166a462fe1c2029484,1613015189,PunkBought,Zombie,8472
0xe83c750b2708320bb134796c555b80df39a3d97b,0x04ae2f0bda04f1405991d91c2e8420d6148369ea,1615662928,PunkBought,Zombie,3393
0xe83c750b2708320bb134796c555b80df39a3d97b,0x54be3a794282c030b15e43ae2bb182e14c409c5e,1619721686,PunkTransfer,Zombie,2566
0xe83c750b2708320bb134796c555b80df39a3d97b,0x50664ede715e131f584d3e7eaabd7818bb20a068,1619937563,PunkBought,Zombie,2066
0xe83c750b2708320bb134796c555b80df39a3d97b,0x30fe9e1972a79f7351749602c5e3253de6310ba1,1620069164,PunkTransfer,Zombie,6586
0xe83c750b2708320bb134796c555b80df39a3d97b,0x89cbb15c7ab08a39328b0e3ddf8cffa8d7c50899,1624990821,PunkTransfer,Zombie,7121
0xe83c750b2708320bb134796c555b80df39a3d97b,0x8f7ceefaa1ff5dfd125106ff9e219eff360d57aa,1627680287,PunkBought,Ape,5217
0xe83c750b2708320bb134796c555b80df39a3d97b,0x2cc12318de28edc9c753f7cb22100890af630c2d,1627707301,PunkTransfer,Ape,8498
0xe83c750b2708320bb134796c555b80df39a3d97b,0x2cc12318de28edc9c753f7cb22100890af630c2d,1627707496,PunkTransfer,Zombie,8553
0xe83c750b2708320bb134796c555b80df39a3d97b,0x2cc12318de28edc9c753f7cb22100890af630c2d,1627707507,PunkTransfer,Zombie,1478
0xe83c750b2708320bb134796c555b80df39a3d97b,0x2cc12318de28edc9c753f7cb22100890af630c2d,1627708079,PunkTransfer,Zombie,8531
0x7d438bf6567673867480b7923669bf349e6c8c12,0xa18fd5dfbc015a115a247e2911fcb9d0a19c999a,1600975086,PunkTransfer,Zombie,3831
0xee3766e4f996dc0e0f8c929954eaafef3441de87,0xfd39f9adf2cc343072aeaacec25941edab3f00b2,1600365222,PunkTransfer,Ape,5314
0xd387a6e4e84a6c86bd90c158c6028a58cc8ac459,0x77675847041c3a896f791aa5f357a8c33a38cbac,1601370031,PunkTransfer,Zombie,8307
0xd387a6e4e84a6c86bd90c158c6028a58cc8ac459,0x219688c6156edea2e2ca7e2036c1c5b7f6451169,1600374571,PunkTransfer,Zombie,2424
0xd387a6e4e84a6c86bd90c158c6028a58cc8ac459,0xbbdcba51b0c309a576ce02a0879977a17b14e70c,1601028948,PunkTransfer,Zombie,3831
0xd387a6e4e84a6c86bd90c158c6028a58cc8ac459,0xe614065a4ac6d478f141db4595325b537ffa2ea5,1608904892,PunkBought,Zombie,3831
0xd387a6e4e84a6c86bd90c158c6028a58cc8ac459,0xe4c63b09f3823c567deb28bc0306553a90fdd6b0,1609782761,PunkTransfer,Zombie,6649
0xd387a6e4e84a6c86bd90c158c6028a58cc8ac459,0xbe7516aef9d60c11f9a8d870736137dbdd8a22df,1611406717,PunkBought,Zombie,6649
0xd387a6e4e84a6c86bd90c158c6028a58cc8ac459,0x29b1b2d083456fd07b19649f8b85f9927a29b1ab,1614333044,PunkBought,Zombie,1119
0xd387a6e4e84a6c86bd90c158c6028a58cc8ac459,0x49705967e4a9e3688a393e88eea088562c56ee1f,1614646957,PunkBought,Ape,2140
0xd387a6e4e84a6c86bd90c158c6028a58cc8ac459,0xd2c1a0138716f0f9987977111ba14182e6972630,1630791541,PunkBought,Zombie,6275
0xa7c98308c1b819aa995516bf621e17ed8bd04740,0xaf5e63c7f54ff53e5475f2ff9a60ff3628b1bd61,1588177632,PunkBought,Zombie,9203
0x0601d0235645a6ce6356ef11aa0b225c68605131,0x31a5ff62a1b2c0f030aee1661eab6513ae676e23,1628370634,PunkTransfer,Zombie,1935
0xe3d78ce35d90bc404a71121c4585b138bb3d419e,0xa25803ab86a327786bb59395fc0164d826b98298,1619376491,PunkTransfer,Zombie,5742
0x78f0269f5b1ca914c8c58993f41181f89e212b27,0xb268f20c03c39f00425db32c424fd5272220496e,1590081422,PunkBought,Ape,2386
0x63a9dbce75413036b2b778e670aabd4493aaf9f3,0xf0d6999725115e3ead3d927eb3329d63afaec09b,1607185789,PunkBought,Zombie,1190
0xfab9b89d9a0317f0f2a0e6643a1c956c66550ed4,0x7cd3fc0e4ef95897f9b8db951dfc075cc924ebbe,1628273936,PunkBought,Zombie,2338
0xb268f20c03c39f00425db32c424fd5272220496e,0xbc5dad3942aaebdb1229c9a31923493e15b7699b,1600998362,PunkTransfer,Ape,2386
0xb268f20c03c39f00425db32c424fd5272220496e,0xbc5dad3942aaebdb1229c9a31923493e15b7699b,1608670357,PunkTransfer,Zombie,2249
0xb268f20c03c39f00425db32c424fd5272220496e,0xb62986dc13663827535e3f4f038c745a23ce3e67,1601089958,PunkTransfer,Ape,2386
0x8dbbca57ea56290efa14d835bbfd34faf1d89753,0x0a28cb91b619faa000edd9addc6ce0fba2e4eb56,1630269032,PunkTransfer,Zombie,9203
0x1f8adddd1afb62a35acbe9cb27b572183d00584e,0xb268f20c03c39f00425db32c424fd5272220496e,1587902866,PunkTransfer,Zombie,2249
0xaf5e63c7f54ff53e5475f2ff9a60ff3628b1bd61,0x8dbbca57ea56290efa14d835bbfd34faf1d89753,1588274352,PunkTransfer,Zombie,9203
0x51787a2c56d710c68140bdadefd3a98bff96feb4,0x1da5331994e781ab0e2af9f85bfce2037a514170,1591096819,PunkTransfer,Zombie,4513
0x51787a2c56d710c68140bdadefd3a98bff96feb4,0x1da5331994e781ab0e2af9f85bfce2037a514170,1599430740,PunkTransfer,Zombie,5944
0x51787a2c56d710c68140bdadefd3a98bff96feb4,0x1da5331994e781ab0e2af9f85bfce2037a514170,1605318947,PunkTransfer,Ape,2924
0x51787a2c56d710c68140bdadefd3a98bff96feb4,0x356971a834f863a42f552ccba928be5dd4f200de,1601423199,PunkTransfer,Zombie,4513
0xf9dde1fed9a7ff50fdcfa72b8d9e0d4c7609d532,0xcaf789e911c357a122579e32c5a5dc9faf49cffe,1591940165,PunkTransfer,Zombie,7458
0xf9dde1fed9a7ff50fdcfa72b8d9e0d4c7609d532,0x44b963cc2ebe639615cd6741baadc3a094750f78,1596627821,PunkTransfer,Zombie,7458
0x1da5331994e781ab0e2af9f85bfce2037a514170,0x51787a2c56d710c68140bdadefd3a98bff96feb4,1601422654,PunkTransfer,Zombie,4513
0xcaf789e911c357a122579e32c5a5dc9faf49cffe,0x7222a6c0136a624c9abb59d7807b8c80059dbb8e,1596524720,PunkTransfer,Zombie,7458
0xcaf6fd54fb74c95b28f5e94952ca21b46e4071cc,0x3b890c7206ce7aaf12e565d29a0df0758bf8e1e1,1609284415,PunkTransfer,Zombie,5066
0x97b052c9a4e8705c067ce0c197833bbd496f2612,0xc43473fa66237e9af3b2d886ee1205b81b14b2c8,1621228695,PunkTransfer,Zombie,4513
0x7222a6c0136a624c9abb59d7807b8c80059dbb8e,0xa31f5bd5cc1e975a3791015237951f9d6073c42e,1596524946,PunkTransfer,Zombie,7458
0xa31f5bd5cc1e975a3791015237951f9d6073c42e,0xf9dde1fed9a7ff50fdcfa72b8d9e0d4c7609d532,1596590618,PunkTransfer,Zombie,7458
0xb7f7f6c52f2e2fdb1963eab30438024864c313f6,0xcaf6fd54fb74c95b28f5e94952ca21b46e4071cc,1600196407,PunkTransfer,Zombie,5066
0xb7f7f6c52f2e2fdb1963eab30438024864c313f6,0xcaf6fd54fb74c95b28f5e94952ca21b46e4071cc,1609310997,PunkTransfer,Zombie,2249
0xb7f7f6c52f2e2fdb1963eab30438024864c313f6,0xd387a6e4e84a6c86bd90c158c6028a58cc8ac459,1600351798,PunkTransfer,Zombie,2424
0xb7f7f6c52f2e2fdb1963eab30438024864c313f6,0xd387a6e4e84a6c86bd90c158c6028a58cc8ac459,1601028319,PunkTransfer,Zombie,3831
0xb7f7f6c52f2e2fdb1963eab30438024864c313f6,0xd387a6e4e84a6c86bd90c158c6028a58cc8ac459,1601327961,PunkTransfer,Zombie,8307
0xb7f7f6c52f2e2fdb1963eab30438024864c313f6,0x219688c6156edea2e2ca7e2036c1c5b7f6451169,1600706023,PunkTransfer,Zombie,2424
0xb7f7f6c52f2e2fdb1963eab30438024864c313f6,0x219688c6156edea2e2ca7e2036c1c5b7f6451169,1601509655,PunkTransfer,Zombie,2424
0xb7f7f6c52f2e2fdb1963eab30438024864c313f6,0x8321795bdace7428d4fadfa30c2ee8e727e491e5,1601061891,PunkTransfer,Zombie,9909
0xb7f7f6c52f2e2fdb1963eab30438024864c313f6,0x8321795bdace7428d4fadfa30c2ee8e727e491e5,1603828954,PunkTransfer,Zombie,6297
0xb7f7f6c52f2e2fdb1963eab30438024864c313f6,0xb268f20c03c39f00425db32c424fd5272220496e,1601077642,PunkTransfer,Ape,2386
0xb7f7f6c52f2e2fdb1963eab30438024864c313f6,0x843d81eaf23c0073426581de5a3735b060888f1b,1601239674,PunkTransfer,Zombie,2306
0xb7f7f6c52f2e2fdb1963eab30438024864c313f6,0x843d81eaf23c0073426581de5a3735b060888f1b,1601263224,PunkTransfer,Zombie,9997
0xb7f7f6c52f2e2fdb1963eab30438024864c313f6,0x843d81eaf23c0073426581de5a3735b060888f1b,1601570009,PunkTransfer,Zombie,8307
0xb7f7f6c52f2e2fdb1963eab30438024864c313f6,0xe83c750b2708320bb134796c555b80df39a3d97b,1601296276,PunkTransfer,Zombie,8553
0xb7f7f6c52f2e2fdb1963eab30438024864c313f6,0xe83c750b2708320bb134796c555b80df39a3d97b,1608610824,PunkTransfer,Zombie,3609
0xb7f7f6c52f2e2fdb1963eab30438024864c313f6,0xe83c750b2708320bb134796c555b80df39a3d97b,1613011798,PunkTransfer,Ape,5217
0xb7f7f6c52f2e2fdb1963eab30438024864c313f6,0x97b052c9a4e8705c067ce0c197833bbd496f2612,1601740003,PunkTransfer,Zombie,4513
0xb7f7f6c52f2e2fdb1963eab30438024864c313f6,0x5f7190b7943858b7bdd24f069241612091c6a986,1601869718,PunkTransfer,Ape,2711
0xb7f7f6c52f2e2fdb1963eab30438024864c313f6,0x9c00c25fee258855360465f5c1759750c9a375a4,1602800152,PunkTransfer,Zombie,2484
0xb7f7f6c52f2e2fdb1963eab30438024864c313f6,0x10725af1f2919d0acc5cf294285d97710f980490,1609387965,PunkTransfer,Zombie,5066
0xb7f7f6c52f2e2fdb1963eab30438024864c313f6,0x10725af1f2919d0acc5cf294285d97710f980490,1609657198,PunkTransfer,Zombie,9997
0xb7f7f6c52f2e2fdb1963eab30438024864c313f6,0x10725af1f2919d0acc5cf294285d97710f980490,1611778682,PunkTransfer,Zombie,9997
0xb7f7f6c52f2e2fdb1963eab30438024864c313f6,0xbe7516aef9d60c11f9a8d870736137dbdd8a22df,1611681294,PunkTransfer,Zombie,2306
0xb7f7f6c52f2e2fdb1963eab30438024864c313f6,0xba19ba5233b49794c33f01654e99a60e579e6f29,1613678696,PunkTransfer,Zombie,5066
0xb7f7f6c52f2e2fdb1963eab30438024864c313f6,0xba19ba5233b49794c33f01654e99a60e579e6f29,1620067317,PunkTransfer,Zombie,2329
0xb7f7f6c52f2e2fdb1963eab30438024864c313f6,0xba19ba5233b49794c33f01654e99a60e579e6f29,1620068185,PunkTransfer,Zombie,5066
0xb7f7f6c52f2e2fdb1963eab30438024864c313f6,0xba19ba5233b49794c33f01654e99a60e579e6f29,1620161205,PunkTransfer,Zombie,2424
0xb7f7f6c52f2e2fdb1963eab30438024864c313f6,0xba19ba5233b49794c33f01654e99a60e579e6f29,1620170596,PunkTransfer,Zombie,6649
0xb7f7f6c52f2e2fdb1963eab30438024864c313f6,0xba19ba5233b49794c33f01654e99a60e579e6f29,1620179559,PunkTransfer,Zombie,5066
0xb7f7f6c52f2e2fdb1963eab30438024864c313f6,0xef466e96326bd8cc34b9aabbf2b2ef82d603e6ad,1614717131,PunkTransfer,Zombie,3609
0xb7f7f6c52f2e2fdb1963eab30438024864c313f6,0x1757d400578cf8a2f3da8228e4402fb1bb3fc968,1620177691,PunkTransfer,Ape,5314
0xb7f7f6c52f2e2fdb1963eab30438024864c313f6,0x50664ede715e131f584d3e7eaabd7818bb20a068,1620305835,PunkTransfer,Zombie,6649
0xb7f7f6c52f2e2fdb1963eab30438024864c313f6,0x50664ede715e131f584d3e7eaabd7818bb20a068,1620306342,PunkTransfer,Zombie,2066
0xb7f7f6c52f2e2fdb1963eab30438024864c313f6,0x1008b08f8bbf1cd933dd3948c94bd238092d189b,1621324464,PunkTransfer,Zombie,2424
0xb7f7f6c52f2e2fdb1963eab30438024864c313f6,0x8f217d5cccd08fd9dce24d6d42aba2bb4ff4785b,1627592693,PunkTransfer,Zombie,2329
0xb7f7f6c52f2e2fdb1963eab30438024864c313f6,0x8f217d5cccd08fd9dce24d6d42aba2bb4ff4785b,1627592721,PunkTransfer,Zombie,6649
0xb7f7f6c52f2e2fdb1963eab30438024864c313f6,0x50dd57f50a17d57304e7a4f262da30beb31c2e87,1629681071,PunkTransfer,Zombie,3489
0xb7f7f6c52f2e2fdb1963eab30438024864c313f6,0xd2c1a0138716f0f9987977111ba14182e6972630,1630204757,PunkTransfer,Zombie,2066
0x77675847041c3a896f791aa5f357a8c33a38cbac,0xb7f7f6c52f2e2fdb1963eab30438024864c313f6,1601370131,PunkTransfer,Zombie,8307
0x2d91aa773670cc1974f33361b4fce11cb9c49808,0xb7f7f6c52f2e2fdb1963eab30438024864c313f6,1599889620,PunkTransfer,Ape,2711
0x219688c6156edea2e2ca7e2036c1c5b7f6451169,0x10d6d942e5c3a6e81364a632a24c0a5a838541e0,1600540870,PunkTransfer,Zombie,2424
0x219688c6156edea2e2ca7e2036c1c5b7f6451169,0x10d6d942e5c3a6e81364a632a24c0a5a838541e0,1600802819,PunkTransfer,Zombie,2424
0x219688c6156edea2e2ca7e2036c1c5b7f6451169,0x34cdf723e9f2d6eb562800807ce1803f7926cad0,1601949410,PunkBought,Zombie,2424
0x219688c6156edea2e2ca7e2036c1c5b7f6451169,0x10725af1f2919d0acc5cf294285d97710f980490,1607065786,PunkTransfer,Zombie,2424
0x77300de3acddd2e87b96bff1946f1371555fd315,0xb7f7f6c52f2e2fdb1963eab30438024864c313f6,1600119856,PunkTransfer,Zombie,2424
0x77300de3acddd2e87b96bff1946f1371555fd315,0xb7f7f6c52f2e2fdb1963eab30438024864c313f6,1600127898,PunkTransfer,Zombie,2306
0x77300de3acddd2e87b96bff1946f1371555fd315,0xb7f7f6c52f2e2fdb1963eab30438024864c313f6,1600190293,PunkTransfer,Zombie,5066
0x77300de3acddd2e87b96bff1946f1371555fd315,0xb7f7f6c52f2e2fdb1963eab30438024864c313f6,1600741164,PunkTransfer,Zombie,8553
0x77300de3acddd2e87b96bff1946f1371555fd315,0xb7f7f6c52f2e2fdb1963eab30438024864c313f6,1600742330,PunkTransfer,Ape,5217
0x77300de3acddd2e87b96bff1946f1371555fd315,0xb7f7f6c52f2e2fdb1963eab30438024864c313f6,1601150206,PunkTransfer,Zombie,8307
0x77300de3acddd2e87b96bff1946f1371555fd315,0xb7f7f6c52f2e2fdb1963eab30438024864c313f6,1601750164,PunkTransfer,Zombie,3609
0x77300de3acddd2e87b96bff1946f1371555fd315,0xb7f7f6c52f2e2fdb1963eab30438024864c313f6,1608612171,PunkTransfer,Zombie,3609
0x356971a834f863a42f552ccba928be5dd4f200de,0xb7f7f6c52f2e2fdb1963eab30438024864c313f6,1601423356,PunkTransfer,Zombie,4513
0xa18fd5dfbc015a115a247e2911fcb9d0a19c999a,0xb7f7f6c52f2e2fdb1963eab30438024864c313f6,1600975124,PunkTransfer,Zombie,3831
0x0b87ca227ba6bb755d823ad4fee2b8e9d0e7a409,0xb7f7f6c52f2e2fdb1963eab30438024864c313f6,1600811066,PunkTransfer,Zombie,9997
0x10d6d942e5c3a6e81364a632a24c0a5a838541e0,0xb7f7f6c52f2e2fdb1963eab30438024864c313f6,1600541300,PunkTransfer,Zombie,2424
0x10d6d942e5c3a6e81364a632a24c0a5a838541e0,0xb7f7f6c52f2e2fdb1963eab30438024864c313f6,1600802857,PunkTransfer,Zombie,2424
0xfd39f9adf2cc343072aeaacec25941edab3f00b2,0xb7f7f6c52f2e2fdb1963eab30438024864c313f6,1600365270,PunkTransfer,Ape,5314
0x2817aa3541a74f2b58136924b20409ca63e44917,0xb7f7f6c52f2e2fdb1963eab30438024864c313f6,1600455401,PunkTransfer,Zombie,9909
0x2817aa3541a74f2b58136924b20409ca63e44917,0xb7f7f6c52f2e2fdb1963eab30438024864c313f6,1602961339,PunkTransfer,Zombie,6297
0x25dd159bb80ca4216a2693ca0394672e4600578f,0xcd1ab231cf7f0d876c0a99e1209c9227fd6f67e8,1601931542,PunkTransfer,Zombie,8307
0x087173c12ec250a105aaf7cdc57d36958ee8c27d,0xa524d8b55ffa540b2ebee1d2d72716780ff5c24c,1617911959,PunkBought,Zombie,6704
0xbc5dad3942aaebdb1229c9a31923493e15b7699b,0xb7f7f6c52f2e2fdb1963eab30438024864c313f6,1600998432,PunkTransfer,Ape,2386
0xbc5dad3942aaebdb1229c9a31923493e15b7699b,0xb7f7f6c52f2e2fdb1963eab30438024864c313f6,1608670945,PunkTransfer,Zombie,2249
0xbbdcba51b0c309a576ce02a0879977a17b14e70c,0xd387a6e4e84a6c86bd90c158c6028a58cc8ac459,1608413826,PunkTransfer,Zombie,3831
0x843d81eaf23c0073426581de5a3735b060888f1b,0x25dd159bb80ca4216a2693ca0394672e4600578f,1601573029,PunkTransfer,Zombie,8307
0x843d81eaf23c0073426581de5a3735b060888f1b,0x425d33d6bcb86ece121395133ed7f5c167f5fea4,1601929654,PunkTransfer,Zombie,9997
0x843d81eaf23c0073426581de5a3735b060888f1b,0x425d33d6bcb86ece121395133ed7f5c167f5fea4,1601929678,PunkTransfer,Zombie,2306
0x3b890c7206ce7aaf12e565d29a0df0758bf8e1e1,0xb7f7f6c52f2e2fdb1963eab30438024864c313f6,1609284562,PunkTransfer,Zombie,5066
0xb89ad8872955c76adb4d497bc4f5bad612d5dad1,0x8321795bdace7428d4fadfa30c2ee8e727e491e5,1603715647,PunkTransfer,Zombie,4830
0x9c00c25fee258855360465f5c1759750c9a375a4,0xf24a74caaf7861cdb08cd4edf3153671cbdf24d2,1601715355,PunkTransfer,Zombie,2484
0x9c00c25fee258855360465f5c1759750c9a375a4,0xe8723d26ad5f7ff4ea8902d235f0a8f8b8802f6d,1604442650,PunkBought,Zombie,2484
0xf24a74caaf7861cdb08cd4edf3153671cbdf24d2,0xb7f7f6c52f2e2fdb1963eab30438024864c313f6,1601715405,PunkTransfer,Zombie,2484
0x425d33d6bcb86ece121395133ed7f5c167f5fea4,0x4ba2d1a96bc4a741740afaf9082a963f1420d5ec,1608596724,PunkTransfer,Zombie,2306
0x425d33d6bcb86ece121395133ed7f5c167f5fea4,0x4ba2d1a96bc4a741740afaf9082a963f1420d5ec,1608596793,PunkTransfer,Zombie,9997
0x34cdf723e9f2d6eb562800807ce1803f7926cad0,0x219688c6156edea2e2ca7e2036c1c5b7f6451169,1601950186,PunkBought,Zombie,2424
0x33eaaee9d0a6192d11bbb370aee0e5d22c3335b5,0xf0d6999725115e3ead3d927eb3329d63afaec09b,1609904814,PunkBought,Ape,8219
0x655533fae22bdde1d73bf7abe97c76f41ffff54d,0x087173c12ec250a105aaf7cdc57d36958ee8c27d,1605533220,PunkBought,Zombie,6704
0xf983557ec70fbf1a4b1e247af7bf10247e9b69c4,0xffb6d97bd1e7b7bd08595096d15037401a1f416b,1603872373,PunkTransfer,Zombie,9909
0xe614065a4ac6d478f141db4595325b537ffa2ea5,0x7ea6030486fabd4844785c99a13dfd66ca05b386,1609340781,PunkTransfer,Zombie,3831
0xe614065a4ac6d478f141db4595325b537ffa2ea5,0xf1b65881041243cb07b9a2067014350239af4116,1610943526,PunkBought,Zombie,6649
0xe614065a4ac6d478f141db4595325b537ffa2ea5,0xf1b65881041243cb07b9a2067014350239af4116,1610943814,PunkBought,Zombie,3831
0x3499ee5c0b3cfe381340d5839d0d8a74ea452a7f,0x82b1f29c5608238df2618f996827933c0d844079,1605555055,PunkBought,Zombie,5412
0x7ea6030486fabd4844785c99a13dfd66ca05b386,0xe614065a4ac6d478f141db4595325b537ffa2ea5,1609609140,PunkTransfer,Zombie,3831
0x10725af1f2919d0acc5cf294285d97710f980490,0xc0f6a1b0f64108d2e3a7ef0eaf4d4aa4bdf3b31e,1609376393,PunkTransfer,Zombie,2424
0x10725af1f2919d0acc5cf294285d97710f980490,0xc0f6a1b0f64108d2e3a7ef0eaf4d4aa4bdf3b31e,1609654899,PunkTransfer,Zombie,5066
0x10725af1f2919d0acc5cf294285d97710f980490,0xc0f6a1b0f64108d2e3a7ef0eaf4d4aa4bdf3b31e,1611727202,PunkTransfer,Zombie,9997
0x10725af1f2919d0acc5cf294285d97710f980490,0x0e44370ac1ffae7655bc810f5af038444ba821cb,1612791877,PunkBought,Zombie,9997
0xf0d6999725115e3ead3d927eb3329d63afaec09b,0xcf74e42266de87aa1a3dfe1e1c5f46db0ac752b2,1610136594,PunkTransfer,Zombie,1190
0xf0d6999725115e3ead3d927eb3329d63afaec09b,0xcf74e42266de87aa1a3dfe1e1c5f46db0ac752b2,1610137583,PunkTransfer,Ape,8219
0xef6d69922bc2d038cb508086846524f8011c4a74,0x0ebd1ab9c0070e857541f9add5a909a8971d0bad,1613530916,PunkBought,Zombie,2484
0x4ba2d1a96bc4a741740afaf9082a963f1420d5ec,0xb7f7f6c52f2e2fdb1963eab30438024864c313f6,1608596756,PunkTransfer,Zombie,2306
0x4ba2d1a96bc4a741740afaf9082a963f1420d5ec,0xb7f7f6c52f2e2fdb1963eab30438024864c313f6,1608596856,PunkTransfer,Zombie,9997
0xbf6ccf49cc2874f01916d747a8fe97f14a082be0,0xb4496906d6ea2685e7a46a14baefae9fe3bf0d2f,1609349076,PunkTransfer,Zombie,2681
0xbe7516aef9d60c11f9a8d870736137dbdd8a22df,0x76c0059ccbbd28d5515f9c9db5292a3f0365462e,1611490682,PunkTransfer,Zombie,6649
0xbe7516aef9d60c11f9a8d870736137dbdd8a22df,0x483ec3215a38908459914002aae0b76098768ef6,1613016069,PunkBought,Zombie,2306
0x76c0059ccbbd28d5515f9c9db5292a3f0365462e,0xb7f7f6c52f2e2fdb1963eab30438024864c313f6,1611490941,PunkTransfer,Zombie,6649
0xb4496906d6ea2685e7a46a14baefae9fe3bf0d2f,0x7f3aff2681ae4c82dc9c755ac9fed7b3429c047e,1613754275,PunkBought,Zombie,2681
0xc0f6a1b0f64108d2e3a7ef0eaf4d4aa4bdf3b31e,0xb7f7f6c52f2e2fdb1963eab30438024864c313f6,1609376504,PunkTransfer,Zombie,2424
0xc0f6a1b0f64108d2e3a7ef0eaf4d4aa4bdf3b31e,0xb7f7f6c52f2e2fdb1963eab30438024864c313f6,1609655115,PunkTransfer,Zombie,5066
0xc0f6a1b0f64108d2e3a7ef0eaf4d4aa4bdf3b31e,0xb7f7f6c52f2e2fdb1963eab30438024864c313f6,1611727313,PunkTransfer,Zombie,9997
0xe4c63b09f3823c567deb28bc0306553a90fdd6b0,0xe614065a4ac6d478f141db4595325b537ffa2ea5,1609795732,PunkTransfer,Zombie,6649
0xcf74e42266de87aa1a3dfe1e1c5f46db0ac752b2,0x43fb99c5bc88c9cfe4d67abdae0fb0a152899702,1621315052,PunkBought,Zombie,1190
0xf1b65881041243cb07b9a2067014350239af4116,0xd387a6e4e84a6c86bd90c158c6028a58cc8ac459,1611072510,PunkTransfer,Zombie,6649
0xf1b65881041243cb07b9a2067014350239af4116,0xf6bc89cc57e33c4e8053c4d8e63b70bf8c47e1a1,1611509287,PunkBought,Zombie,3831
0x24c5eba1f94b34efb3226ee3ae06884057752c2a,0x266892ed0d40ea5c37f3e0239537999c13468311,1620152300,PunkTransfer,Alien,2890
0xf6bc89cc57e33c4e8053c4d8e63b70bf8c47e1a1,0x1cbb87bb9a4dd0316189eede2277a58590dc124a,1627688746,PunkBought,Zombie,3831
0x29b1b2d083456fd07b19649f8b85f9927a29b1ab,0xf36972bbff0bb63dbc8f2c8a93625647b32e024b,1615178749,PunkTransfer,Zombie,1119
0x701f373df763308d96d8537822e8f9b2bae4e847,0xf3cad40f7f7b43ae2a4226a8c53420569458710c,1620362756,PunkTransfer,Zombie,6297
0x389747708cfe615ca6825243d476c0ebe268e192,0xf2a70bedcc1ea9145cfc2eacc670e798a713b9ad,1631385683,PunkBought,Zombie,8857
0xb1adceddb2941033a090dd166a462fe1c2029484,0x50dd57f50a17d57304e7a4f262da30beb31c2e87,1615860964,PunkTransfer,Zombie,3489
0xb1adceddb2941033a090dd166a462fe1c2029484,0x50dd57f50a17d57304e7a4f262da30beb31c2e87,1615861055,PunkTransfer,Zombie,6784
0xb1adceddb2941033a090dd166a462fe1c2029484,0x50dd57f50a17d57304e7a4f262da30beb31c2e87,1616013842,PunkTransfer,Zombie,8472
0xb1adceddb2941033a090dd166a462fe1c2029484,0x50dd57f50a17d57304e7a4f262da30beb31c2e87,1620057920,PunkTransfer,Zombie,6784
0xb1adceddb2941033a090dd166a462fe1c2029484,0x50dd57f50a17d57304e7a4f262da30beb31c2e87,1620057920,PunkTransfer,Zombie,3489
0xb1adceddb2941033a090dd166a462fe1c2029484,0x50dd57f50a17d57304e7a4f262da30beb31c2e87,1620057920,PunkTransfer,Zombie,8472
0x0e44370ac1ffae7655bc810f5af038444ba821cb,0x279679e6b44ec547c6e0466e5efd7d47ef3a400f,1617534237,PunkTransfer,Zombie,9997
0xc606bb4a465cccb880a82697dd7c35caefe9518c,0x701f373df763308d96d8537822e8f9b2bae4e847,1612838048,PunkTransfer,Zombie,6297
0xba19ba5233b49794c33f01654e99a60e579e6f29,0x73d64b26af2d3cdb327795ae03fd9cd832d086ec,1613674448,PunkTransfer,Zombie,2329
0xba19ba5233b49794c33f01654e99a60e579e6f29,0x73d64b26af2d3cdb327795ae03fd9cd832d086ec,1620066495,PunkTransfer,Zombie,5066
0xba19ba5233b49794c33f01654e99a60e579e6f29,0x73d64b26af2d3cdb327795ae03fd9cd832d086ec,1620067499,PunkTransfer,Zombie,2329
0xba19ba5233b49794c33f01654e99a60e579e6f29,0x73d64b26af2d3cdb327795ae03fd9cd832d086ec,1620159919,PunkTransfer,Zombie,5066
0xba19ba5233b49794c33f01654e99a60e579e6f29,0x73d64b26af2d3cdb327795ae03fd9cd832d086ec,1620161460,PunkTransfer,Zombie,2424
0xba19ba5233b49794c33f01654e99a60e579e6f29,0x73d64b26af2d3cdb327795ae03fd9cd832d086ec,1620171051,PunkTransfer,Zombie,6649
0x483ec3215a38908459914002aae0b76098768ef6,0xf8cc874fe4696131725018138fc4bb44866433e0,1618743868,PunkBought,Zombie,2306
0x54d7f921785ebe46010d83c73712e80dfaff1e81,0xab61cc776cc19af7e99d3ba4539435311fa74e8a,1618815924,PunkBought,Zombie,2484
0x0ebd1ab9c0070e857541f9add5a909a8971d0bad,0x54d7f921785ebe46010d83c73712e80dfaff1e81,1617988674,PunkTransfer,Zombie,2484
0x50664ede715e131f584d3e7eaabd7818bb20a068,0x1dcbc9fb10297917581ba3727c9888b0a53c69b7,1620305039,PunkTransfer,Zombie,2066
0x50664ede715e131f584d3e7eaabd7818bb20a068,0x1dcbc9fb10297917581ba3727c9888b0a53c69b7,1620306143,PunkTransfer,Zombie,6649
0x50664ede715e131f584d3e7eaabd7818bb20a068,0x1dcbc9fb10297917581ba3727c9888b0a53c69b7,1627599614,PunkTransfer,Zombie,2066
0x7f3aff2681ae4c82dc9c755ac9fed7b3429c047e,0xcfbae0fd418b61f563cfbceab3faad56e3a993b3,1617061426,PunkTransfer,Zombie,2681
0x73d64b26af2d3cdb327795ae03fd9cd832d086ec,0xb7f7f6c52f2e2fdb1963eab30438024864c313f6,1613674492,PunkTransfer,Zombie,2329
0x73d64b26af2d3cdb327795ae03fd9cd832d086ec,0xb7f7f6c52f2e2fdb1963eab30438024864c313f6,1620066626,PunkTransfer,Zombie,5066
0x73d64b26af2d3cdb327795ae03fd9cd832d086ec,0xb7f7f6c52f2e2fdb1963eab30438024864c313f6,1620067705,PunkTransfer,Zombie,2329
0x73d64b26af2d3cdb327795ae03fd9cd832d086ec,0xb7f7f6c52f2e2fdb1963eab30438024864c313f6,1620160120,PunkTransfer,Zombie,5066
0x73d64b26af2d3cdb327795ae03fd9cd832d086ec,0xb7f7f6c52f2e2fdb1963eab30438024864c313f6,1620161899,PunkTransfer,Zombie,2424
0x73d64b26af2d3cdb327795ae03fd9cd832d086ec,0xb7f7f6c52f2e2fdb1963eab30438024864c313f6,1620171229,PunkTransfer,Zombie,6649
0x49705967e4a9e3688a393e88eea088562c56ee1f,0xd6a984153acb6c9e2d788f08c2465a1358bb89a7,1627670216,PunkBought,Ape,2140
0x7eb28b2f14a59789ec4c782a5dd957f9c8f33f6b,0x88fb3d509fc49b515bfeb04e23f53ba339563981,1615413524,PunkTransfer,Alien,7523
0xef466e96326bd8cc34b9aabbf2b2ef82d603e6ad,0x4eb676e95a17ee4abe750ed09a4a0a0b9ac26653,1614977811,PunkBought,Zombie,3609
0x4eb676e95a17ee4abe750ed09a4a0a0b9ac26653,0x8847becadb5a21fbfbaf0e89c5d6cec4dbc854c1,1617041848,PunkBought,Zombie,3609
0xe1d29d0a39962a9a8d2a297ebe82e166f8b8ec18,0xff4c60814adc5ee4cdf9a57e0944b1e4678ff09c,1627740708,PunkBought,Zombie,6649
0xf36972bbff0bb63dbc8f2c8a93625647b32e024b,0x6ec30fd91a504aad948839b985c7263888b2ad68,1625164826,PunkBought,Zombie,1119
0x88fb3d509fc49b515bfeb04e23f53ba339563981,0x950012685408083b795506e13d87392bd55d6930,1615416029,PunkTransfer,Alien,7523
0x950012685408083b795506e13d87392bd55d6930,0x405b96e2538ac85ee862e332fa634b158d013ae1,1626365631,PunkTransfer,Alien,7523
0x50dd57f50a17d57304e7a4f262da30beb31c2e87,0xb1adceddb2941033a090dd166a462fe1c2029484,1617656745,PunkTransfer,Zombie,3489
0x50dd57f50a17d57304e7a4f262da30beb31c2e87,0xb1adceddb2941033a090dd166a462fe1c2029484,1618859609,PunkTransfer,Zombie,6784
0x50dd57f50a17d57304e7a4f262da30beb31c2e87,0xb1adceddb2941033a090dd166a462fe1c2029484,1618859630,PunkTransfer,Zombie,8472
0x50dd57f50a17d57304e7a4f262da30beb31c2e87,0x8659044ea27ad1b91502bfe360075267148928ca,1620954608,PunkTransfer,Zombie,6784
0x50dd57f50a17d57304e7a4f262da30beb31c2e87,0x1cbb87bb9a4dd0316189eede2277a58590dc124a,1627688798,PunkBought,Zombie,8472
0x50dd57f50a17d57304e7a4f262da30beb31c2e87,0x8599fd9ec18c2b8918b4dfba7d7f7b4573e4afbb,1629409359,PunkTransfer,Zombie,3489
0x8847becadb5a21fbfbaf0e89c5d6cec4dbc854c1,0x4ea36c63bed2db5d4fb07712bf3d8a376056392b,1618085963,PunkTransfer,Zombie,3609
0x279679e6b44ec547c6e0466e5efd7d47ef3a400f,0xe5fa914955e59529f041c8182378ec8f17b32516,1626678460,PunkTransfer,Zombie,9997
0xab61cc776cc19af7e99d3ba4539435311fa74e8a,0xe301612b0751f6d862a27be205fb8e3c40c8c6db,1619647501,PunkTransfer,Zombie,2484
0x4ea36c63bed2db5d4fb07712bf3d8a376056392b,0x8f58b7d6f42e56964ce5c6c2dbd2a5b45db25a5f,1618221879,PunkTransfer,Zombie,3609
0xf8cc874fe4696131725018138fc4bb44866433e0,0xa351a4fffceed60b6d4351e1b20c55e3a6fb5503,1618744154,PunkTransfer,Zombie,2306
0xa351a4fffceed60b6d4351e1b20c55e3a6fb5503,0xba13f5e38aac6abac49ee0607f9cfa8ac4688a00,1634318117,PunkTransfer,Zombie,2306
0xd2c1a0138716f0f9987977111ba14182e6972630,0xf3016b7608acfbec9df4ae1ead36bb5f1bad4ff4,1630205175,PunkTransfer,Zombie,2066
0x30fe9e1972a79f7351749602c5e3253de6310ba1,0xee20f88c3382d781a21057e0c901cb75569d25e9,1632854563,PunkTransfer,Zombie,6586
0x1dcbc9fb10297917581ba3727c9888b0a53c69b7,0xb7f7f6c52f2e2fdb1963eab30438024864c313f6,1620305143,PunkTransfer,Zombie,2066
0x1dcbc9fb10297917581ba3727c9888b0a53c69b7,0xb7f7f6c52f2e2fdb1963eab30438024864c313f6,1620306179,PunkTransfer,Zombie,6649
0x1dcbc9fb10297917581ba3727c9888b0a53c69b7,0xb7f7f6c52f2e2fdb1963eab30438024864c313f6,1627599681,PunkTransfer,Zombie,2066
0xf3cad40f7f7b43ae2a4226a8c53420569458710c,0xa15a5fd5a3f99d52b5741476572dff8d5c96580c,1625525377,PunkBought,Zombie,6297
0x1008b08f8bbf1cd933dd3948c94bd238092d189b,0xd6a984153acb6c9e2d788f08c2465a1358bb89a7,1621865020,PunkBought,Zombie,2424
0x8f217d5cccd08fd9dce24d6d42aba2bb4ff4785b,0x3b93cbfb99560ab275827d502c49d57a0e5ec5ce,1627593625,PunkBought,Zombie,2329
0x8f217d5cccd08fd9dce24d6d42aba2bb4ff4785b,0xe1d29d0a39962a9a8d2a297ebe82e166f8b8ec18,1627594880,PunkBought,Zombie,6649
0x89cbb15c7ab08a39328b0e3ddf8cffa8d7c50899,0x13c59c501f8557fb44724df06a85ccaeefc90374,1625341057,PunkTransfer,Zombie,7121
0xa15a5fd5a3f99d52b5741476572dff8d5c96580c,0x93321b43d594aff66481261091b989afe4d8cb9f,1626118315,PunkTransfer,Zombie,6297
0xd4b5d09a7f72ac7ebc1853fd2663bdd23c059b02,0xc2d1c329655e75f02ef885b2a686773c7b2ce1d3,1626390940,PunkTransfer,Zombie,1886
0xe5fa914955e59529f041c8182378ec8f17b32516,0x944d3225a911852a2562d362117f6de7e44cd2ae,1627896189,PunkTransfer,Zombie,9997
0x8f7ceefaa1ff5dfd125106ff9e219eff360d57aa,0xe301612b0751f6d862a27be205fb8e3c40c8c6db,1627680801,PunkTransfer,Ape,5217
0x1cbb87bb9a4dd0316189eede2277a58590dc124a,0x9fce8eb77fb67660cb134f4ee4c82a48f415f812,1629830557,PunkTransfer,Zombie,3831
0x1cbb87bb9a4dd0316189eede2277a58590dc124a,0x9fce8eb77fb67660cb134f4ee4c82a48f415f812,1629830557,PunkTransfer,Zombie,8472
0xff4c60814adc5ee4cdf9a57e0944b1e4678ff09c,0x2e675eeae4747c248bfddbafaa3a8a2fdddaa44b,1627791123,PunkTransfer,Zombie,6649
0x2f2f237d2e655cc0a6f6fef761e5aef13087e71f,0x9fce8eb77fb67660cb134f4ee4c82a48f415f812,1628044287,PunkBought,Zombie,7252
0x944d3225a911852a2562d362117f6de7e44cd2ae,0xf2ef5636b38ecf46324ac97957a514beda674d7d,1632916917,PunkTransfer,Zombie,9997
0x9fce8eb77fb67660cb134f4ee4c82a48f415f812,0x956d14b8b548ac2db7069ad33d7b86e6d99f2297,1629786842,PunkBought,Zombie,7252
0x9fce8eb77fb67660cb134f4ee4c82a48f415f812,0xce90a7949bb78892f159f428d0dc23a8e3584d75,1630348099,PunkTransfer,Zombie,3831
0x9fce8eb77fb67660cb134f4ee4c82a48f415f812,0xce90a7949bb78892f159f428d0dc23a8e3584d75,1630348099,PunkTransfer,Zombie,8472
0x8599fd9ec18c2b8918b4dfba7d7f7b4573e4afbb,0xb7f7f6c52f2e2fdb1963eab30438024864c313f6,1629409403,PunkTransfer,Zombie,3489
0x85560dbef2533eec139b3e206b119fd700f90262,0x0a8f4037729accb854da856431a87b8a264d8c40,1630129201,PunkTransfer,Zombie,7252
0x956d14b8b548ac2db7069ad33d7b86e6d99f2297,0x85560dbef2533eec139b3e206b119fd700f90262,1629788811,PunkTransfer,Zombie,7252
0xaff336d5653776e9ce858d9d28f9d755c53979df,0xd387a6e4e84a6c86bd90c158c6028a58cc8ac459,1630768382,PunkBought,Zombie,6275
0xf2a70bedcc1ea9145cfc2eacc670e798a713b9ad,0xdf37ac79f8e9b698c4ab57d30a41e7f272331391,1631758317,PunkTransfer,Zombie,8857
