timestamp,event_type,source,target,punk_id,punk_type
1498226579,Assign,0x0000000000000000000000000000000000000000,0xc352b534e8b987e036a93539fd6897f53488e56a,117,Zombie
1498229789,Assign,0x0000000000000000000000000000000000000000,0xc352b534e8b987e036a93539fd6897f53488e56a,987,Zombie
1498229934,Assign,0x0000000000000000000000000000000000000000,0x365e35652879023f12b5cf4c44eb9c1cf2f6f549,1119,Zombie
1498230084,Assign,0x0000000000000000000000000000000000000000,0x0ed6fed4df8480c1d1b3b78537cfb8f9c22a81ef,1190,Zombie
1498230170,Assign,0x0000000000000000000000000000000000000000,0x5462dee16b3f4d240ebbe52c9c4214c912ccdda4,1374,Zombie
1498230308,Assign,0x0000000000000000000000000000000000000000,0x5462dee16b3f4d240ebbe52c9c4214c912ccdda4,1478,Zombie
1498230350,Assign,0x0000000000000000000000000000000000000000,0x36a5bc205df1ed65c86301022cfc343a6ce546ff,1526,Zombie
1498230678,Assign,0x0000000000000000000000000000000000000000,0x723e66adff8760d522dd500e83ba56a3203aab33,1658,Zombie
1498230728,Assign,0x0000000000000000000000000000000000000000,0x723e66adff8760d522dd500e83ba56a3203aab33,1748,Zombie
1498231075,Assign,0x0000000000000000000000000000000000000000,0x5462dee16b3f4d240ebbe52c9c4214c912ccdda4,1886,Zombie
1498231311,Assign,0x0000000000000000000000000000000000000000,0x5462dee16b3f4d240ebbe52c9c4214c912ccdda4,1935,Zombie
1498231486,Assign,0x0000000000000000000000000000000000000000,0x5462dee16b3f4d240ebbe52c9c4214c912ccdda4,2066,Zombie
1498231506,Assign,0x0000000000000000000000000000000000000000,0x01486c3891761e93e5107890286abdc1834fc6d7,2132,Zombie
1498231682,Assign,0x0000000000000000000000000000000000000000,0x5462dee16b3f4d240ebbe52c9c4214c912ccdda4,2249,Zombie
1498231956,Assign,0x0000000000000000000000000000000000000000,0x5462dee16b3f4d240ebbe52c9c4214c912ccdda4,2338,Zombie
1498231956,Assign,0x0000000000000000000000000000000000000000,0xc5d739a29e3f97b59ddb1d8f46aaa2e46496d462,2329,Zombie
1498231956,Assign,0x0000000000000000000000000000000000000000,0x5462dee16b3f4d240ebbe52c9c4214c912ccdda4,2306,Zombie
1498232169,Assign,0x0000000000000000000000000000000000000000,0x5462dee16b3f4d240ebbe52c9c4214c912ccdda4,2424,Zombie
1498232184,Assign,0x0000000000000000000000000000000000000000,0x0ed6fed4df8480c1d1b3b78537cfb8f9c22a81ef,2484,Zombie
1498232232,Assign,0x0000000000000000000000000000000000000000,0x5462dee16b3f4d240ebbe52c9c4214c912ccdda4,2566,Zombie
1498232232,Assign,0x0000000000000000000000000000000000000000,0x8321795bdace7428d4fadfa30c2ee8e727e491e5,2560,Zombie
1498232718,Assign,0x0000000000000000000000000000000000000000,0x0ed6fed4df8480c1d1b3b78537cfb8f9c22a81ef,2681,Zombie
1498232757,Assign,0x0000000000000000000000000000000000000000,0x5462dee16b3f4d240ebbe52c9c4214c912ccdda4,2708,Zombie
1498232917,Assign,0x0000000000000000000000000000000000000000,0x5462dee16b3f4d240ebbe52c9c4214c912ccdda4,2938,Zombie
1498232937,Assign,0x0000000000000000000000000000000000000000,0x5462dee16b3f4d240ebbe52c9c4214c912ccdda4,2967,Zombie
1498233143,Assign,0x0000000000000000000000000000000000000000,0x5462dee16b3f4d240ebbe52c9c4214c912ccdda4,3211,Zombie
1498233525,Assign,0x0000000000000000000000000000000000000000,0x5462dee16b3f4d240ebbe52c9c4214c912ccdda4,3328,Zombie
1498233533,Assign,0x0000000000000000000000000000000000000000,0x5462dee16b3f4d240ebbe52c9c4214c912ccdda4,3393,Zombie
1498233572,Assign,0x0000000000000000000000000000000000000000,0x5462dee16b3f4d240ebbe52c9c4214c912ccdda4,3489,Zombie
1498233572,Assign,0x0000000000000000000000000000000000000000,0x5462dee16b3f4d240ebbe52c9c4214c912ccdda4,3493,Zombie
1498233998,Assign,0x0000000000000000000000000000000000000000,0x000001f568875f378bf6d170b790967fe429c81a,3636,Zombie
1498233998,Assign,0x0000000000000000000000000000000000000000,0x5462dee16b3f4d240ebbe52c9c4214c912ccdda4,3609,Zombie
1498234582,Assign,0x0000000000000000000000000000000000000000,0x5462dee16b3f4d240ebbe52c9c4214c912ccdda4,3831,Zombie
1498234888,Assign,0x0000000000000000000000000000000000000000,0x000001f568875f378bf6d170b790967fe429c81a,4472,Zombie
1498234888,Assign,0x0000000000000000000000000000000000000000,0x8321795bdace7428d4fadfa30c2ee8e727e491e5,4513,Zombie
1498235005,Assign,0x0000000000000000000000000000000000000000,0x47d4f20ae83bcd350105f199f900e6e6104dab6a,4559,Zombie
1498235132,Assign,0x0000000000000000000000000000000000000000,0x5462dee16b3f4d240ebbe52c9c4214c912ccdda4,4747,Zombie
1498235271,Assign,0x0000000000000000000000000000000000000000,0x8321795bdace7428d4fadfa30c2ee8e727e491e5,4830,Zombie
1498235271,Assign,0x0000000000000000000000000000000000000000,0x000003e1e88a1110e961f135df8cdea4b1ffa81a,4850,Zombie
1498235373,Assign,0x0000000000000000000000000000000000000000,0x723e66adff8760d522dd500e83ba56a3203aab33,4874,Zombie
1498235589,Assign,0x0000000000000000000000000000000000000000,0x5462dee16b3f4d240ebbe52c9c4214c912ccdda4,5066,Zombie
1498235917,Assign,0x0000000000000000000000000000000000000000,0x8321795bdace7428d4fadfa30c2ee8e727e491e5,5234,Zombie
1498235955,Assign,0x0000000000000000000000000000000000000000,0x723e66adff8760d522dd500e83ba56a3203aab33,5253,Zombie
1498235955,Assign,0x0000000000000000000000000000000000000000,0x723e66adff8760d522dd500e83ba56a3203aab33,5299,Zombie
1498236007,Assign,0x0000000000000000000000000000000000000000,0x723e66adff8760d522dd500e83ba56a3203aab33,5312,Zombie
1498236007,Assign,0x0000000000000000000000000000000000000000,0x723e66adff8760d522dd500e83ba56a3203aab33,5336,Zombie
1498236054,Assign,0x0000000000000000000000000000000000000000,0x0ed6fed4df8480c1d1b3b78537cfb8f9c22a81ef,5412,Zombie
1498236295,Assign,0x0000000000000000000000000000000000000000,0x723e66adff8760d522dd500e83ba56a3203aab33,5489,Zombie
1498236401,Assign,0x0000000000000000000000000000000000000000,0x8321795bdace7428d4fadfa30c2ee8e727e491e5,5573,Zombie
1498236859,Assign,0x0000000000000000000000000000000000000000,0x5462dee16b3f4d240ebbe52c9c4214c912ccdda4,5742,Zombie
1498236979,Assign,0x0000000000000000000000000000000000000000,0x723e66adff8760d522dd500e83ba56a3203aab33,5761,Zombie
1498237322,Assign,0x0000000000000000000000000000000000000000,0x5462dee16b3f4d240ebbe52c9c4214c912ccdda4,5944,Zombie
1498238425,Assign,0x0000000000000000000000000000000000000000,0x8321795bdace7428d4fadfa30c2ee8e727e491e5,6297,Zombie
1498238425,Assign,0x0000000000000000000000000000000000000000,0x9f41a4b4a09721fee705681963141035dc0023af,6275,Zombie
1498238504,Assign,0x0000000000000000000000000000000000000000,0x00bd9fd57c423a1b1c969823d409156d90974d77,6304,Zombie
1498238583,Assign,0x0000000000000000000000000000000000000000,0x5b098b00621eda6a96b7a476220661ad265f083f,6491,Zombie
1498238708,Assign,0x0000000000000000000000000000000000000000,0x723e66adff8760d522dd500e83ba56a3203aab33,6515,Zombie
1498238769,Assign,0x0000000000000000000000000000000000000000,0x5462dee16b3f4d240ebbe52c9c4214c912ccdda4,6586,Zombie
1498238794,Assign,0x0000000000000000000000000000000000000000,0x5462dee16b3f4d240ebbe52c9c4214c912ccdda4,6649,Zombie
1498239015,Assign,0x0000000000000000000000000000000000000000,0x9788301db1cde6bb33205eec2e4f6d7c1ed54625,6704,Zombie
1498239354,Assign,0x0000000000000000000000000000000000000000,0x5462dee16b3f4d240ebbe52c9c4214c912ccdda4,6784,Zombie
1498240341,Assign,0x0000000000000000000000000000000000000000,0x723e66adff8760d522dd500e83ba56a3203aab33,7014,Zombie
1498240367,Assign,0x0000000000000000000000000000000000000000,0x723e66adff8760d522dd500e83ba56a3203aab33,7127,Zombie
1498240367,Assign,0x0000000000000000000000000000000000000000,0x5462dee16b3f4d240ebbe52c9c4214c912ccdda4,7121,Zombie
1498240638,Assign,0x0000000000000000000000000000000000000000,0x36a5bc205df1ed65c86301022cfc343a6ce546ff,7252,Zombie
1498240868,Assign,0x0000000000000000000000000000000000000000,0x4c1147725bac8c98c0ee45ea09d650ae34f5165e,7337,Zombie
1498241529,Assign,0x0000000000000000000000000000000000000000,0xa9bfa94ab1497c08b7c02c9516d4eb1f07c90d40,7458,Zombie
1498242071,Assign,0x0000000000000000000000000000000000000000,0x723e66adff8760d522dd500e83ba56a3203aab33,7660,Zombie
1498242458,Assign,0x0000000000000000000000000000000000000000,0xa9bfa94ab1497c08b7c02c9516d4eb1f07c90d40,7756,Zombie
1498242831,Assign,0x0000000000000000000000000000000000000000,0x3fba2d2da359ab8feae2bc451cc6a442e5d687e2,7914,Zombie
1498243034,Assign,0x0000000000000000000000000000000000000000,0x3fba2d2da359ab8feae2bc451cc6a442e5d687e2,8127,Zombie
1498243818,Assign,0x0000000000000000000000000000000000000000,0x5462dee16b3f4d240ebbe52c9c4214c912ccdda4,8307,Zombie
1498244025,Assign,0x0000000000000000000000000000000000000000,0x723e66adff8760d522dd500e83ba56a3203aab33,8386,Zombie
1498244113,Assign,0x0000000000000000000000000000000000000000,0x5462dee16b3f4d240ebbe52c9c4214c912ccdda4,8531,Zombie
1498244113,Assign,0x0000000000000000000000000000000000000000,0x5462dee16b3f4d240ebbe52c9c4214c912ccdda4,8472,Zombie
1498244141,Assign,0x0000000000000000000000000000000000000000,0x5462dee16b3f4d240ebbe52c9c4214c912ccdda4,8553,Zombie
1498244624,Assign,0x0000000000000000000000000000000000000000,0x5462dee16b3f4d240ebbe52c9c4214c912ccdda4,8780,Zombie
1498245167,Assign,0x0000000000000000000000000000000000000000,0x8234be55f64ea91960b78357906cf5bebce81f3d,8857,Zombie
1498245202,Assign,0x0000000000000000000000000000000000000000,0xaac01287db710d7f8c7cfbaee833c8b8b3546c3e,8909,Zombie
1498245324,Assign,0x0000000000000000000000000000000000000000,0x723e66adff8760d522dd500e83ba56a3203aab33,8957,Zombie
1498245700,Assign,0x0000000000000000000000000000000000000000,0x5462dee16b3f4d240ebbe52c9c4214c912ccdda4,9203,Zombie
1498245844,Assign,0x0000000000000000000000000000000000000000,0x8321795bdace7428d4fadfa30c2ee8e727e491e5,9368,Zombie
1498246081,Assign,0x0000000000000000000000000000000000000000,0x5462dee16b3f4d240ebbe52c9c4214c912ccdda4,9474,Zombie
1498246642,Assign,0x0000000000000000000000000000000000000000,0x723e66adff8760d522dd500e83ba56a3203aab33,9838,Zombie
1498246642,Assign,0x0000000000000000000000000000000000000000,0x723e66adff8760d522dd500e83ba56a3203aab33,9804,Zombie
1498246656,Assign,0x0000000000000000000000000000000000000000,0x8321795bdace7428d4fadfa30c2ee8e727e491e5,9909,Zombie
1498246679,Assign,0x0000000000000000000000000000000000000000,0x7e23a0a9fd1105ca4b1dc9b7e0f0aab3b7071caa,9997,Zombie
1498246679,Assign,0x0000000000000000000000000000000000000000,0x723e66adff8760d522dd500e83ba56a3203aab33,9955,Zombie
1498281737,PunkTransfer,0x5b098b00621eda6a96b7a476220661ad265f083f,0xcbd482af76059e2a5e4a825c4cd5ced9f2dfe286,6491,Zombie
1498617014,PunkBought,0x5462dee16b3f4d240ebbe52c9c4214c912ccdda4,0x00d7c902fbbcd3c9db2da80a439c94486c50eb81,5742,Zombie
1498654489,PunkBought,0x5462dee16b3f4d240ebbe52c9c4214c912ccdda4,0x00bd3a6660309fb9e0129b9b777a9ccb9c2869dc,1886,Zombie
1498661128,PunkBought,0x5462dee16b3f4d240ebbe52c9c4214c912ccdda4,0x00bd3a6660309fb9e0129b9b777a9ccb9c2869dc,1374,Zombie
1498667230,PunkBought,0x5462dee16b3f4d240ebbe52c9c4214c912ccdda4,0x5f7190b7943858b7bdd24f069241612091c6a986,4747,Zombie
1498774448,PunkBought,0x00bd3a6660309fb9e0129b9b777a9ccb9c2869dc,0x0f4023208058ecffcb22a7409df11f6d6013fe8a,1374,Zombie
1498787838,PunkTransfer,0xc352b534e8b987e036a93539fd6897f53488e56a,0xc2f87f88df0f2c602a9a7dc2e89cecdb9790d972,987,Zombie
1498854143,PunkBought,0x00bd3a6660309fb9e0129b9b777a9ccb9c2869dc,0x6611fe71c233e4e7510b2795c242c9a57790b376,1886,Zombie
1499032492,PunkBought,0xc5d739a29e3f97b59ddb1d8f46aaa2e46496d462,0x0f4023208058ecffcb22a7409df11f6d6013fe8a,2329,Zombie
1499197867,PunkBought,0x5462dee16b3f4d240ebbe52c9c4214c912ccdda4,0xa0a59ca1ee70155da46bb8913d6d87c28dd4a7a3,3831,Zombie
1499203599,PunkBought,0x5462dee16b3f4d240ebbe52c9c4214c912ccdda4,0xff84140cedeee480b804d211b48a2a6d68ba5941,1935,Zombie
1499203708,PunkBought,0x5462dee16b3f4d240ebbe52c9c4214c912ccdda4,0xa0a59ca1ee70155da46bb8913d6d87c28dd4a7a3,9203,Zombie
1499204673,PunkBought,0x5462dee16b3f4d240ebbe52c9c4214c912ccdda4,0x00bd3a6660309fb9e0129b9b777a9ccb9c2869dc,2249,Zombie
1499206992,PunkBought,0x5462dee16b3f4d240ebbe52c9c4214c912ccdda4,0x00bd3a6660309fb9e0129b9b777a9ccb9c2869dc,2338,Zombie
1499396887,PunkBought,0x5462dee16b3f4d240ebbe52c9c4214c912ccdda4,0x7174039818a41e1ae40fdcfa3e293b0f41592af2,2938,Zombie
1499454833,PunkTransfer,0xa0a59ca1ee70155da46bb8913d6d87c28dd4a7a3,0xf5099e196469257c0d457e896a648d5f616af034,9203,Zombie
1499455049,PunkTransfer,0xa0a59ca1ee70155da46bb8913d6d87c28dd4a7a3,0xf5099e196469257c0d457e896a648d5f616af034,3831,Zombie
1499456444,PunkBought,0x00bd3a6660309fb9e0129b9b777a9ccb9c2869dc,0x4dcaf34d9fbc21c222c46bd0fc78b02609b00897,2338,Zombie
1499938863,PunkBought,0x01486c3891761e93e5107890286abdc1834fc6d7,0x7174039818a41e1ae40fdcfa3e293b0f41592af2,2132,Zombie
1500125453,PunkBought,0x00bd3a6660309fb9e0129b9b777a9ccb9c2869dc,0xd8e80673419acfbf15bf8eb0239cda90f232051f,2249,Zombie
1500222563,PunkTransfer,0xff84140cedeee480b804d211b48a2a6d68ba5941,0xd27e3f4f2c3576ecff31bbd113c71ca2e8f374e8,1935,Zombie
1500491889,PunkBought,0x0f4023208058ecffcb22a7409df11f6d6013fe8a,0x58164b2d74c45f06cde451fc307092d55ebe5730,2329,Zombie
1500863379,PunkTransfer,0xaac01287db710d7f8c7cfbaee833c8b8b3546c3e,0x0cea5bd314d5f476f8b1613af143a922844c4ca6,8909,Zombie
1501803853,PunkBought,0xa9bfa94ab1497c08b7c02c9516d4eb1f07c90d40,0xa0a59ca1ee70155da46bb8913d6d87c28dd4a7a3,7756,Zombie
1501803853,PunkBought,0xa9bfa94ab1497c08b7c02c9516d4eb1f07c90d40,0xd8e80673419acfbf15bf8eb0239cda90f232051f,7458,Zombie
1501809763,PunkTransfer,0xa0a59ca1ee70155da46bb8913d6d87c28dd4a7a3,0xf5099e196469257c0d457e896a648d5f616af034,7756,Zombie
1503935761,PunkBought,0xd8e80673419acfbf15bf8eb0239cda90f232051f,0x1aff1e0f1d5f76f92145a278d8c31af9ade783dd,7458,Zombie
1503935761,PunkBought,0xd8e80673419acfbf15bf8eb0239cda90f232051f,0xc24f574d6853f6f6a31c19d468a8c1b3f31c0e54,2249,Zombie
1504377013,PunkBought,0x5462dee16b3f4d240ebbe52c9c4214c912ccdda4,0x7760e0243ca9baa630412865df7b39afba42ff0f,8780,Zombie
1504377628,PunkBought,0x5462dee16b3f4d240ebbe52c9c4214c912ccdda4,0x7760e0243ca9baa630412865df7b39afba42ff0f,2708,Zombie
1507112214,PunkTransfer,0xd27e3f4f2c3576ecff31bbd113c71ca2e8f374e8,0x7e5280b7b81c35b2a8eeac329d8a51ade5c6f354,1935,Zombie
1513238421,PunkBought,0x5462dee16b3f4d240ebbe52c9c4214c912ccdda4,0x8ca89c56aefd379baa15e0ec91c7f5ae7f5b096f,2967,Zombie
1514846119,PunkBought,0x0f4023208058ecffcb22a7409df11f6d6013fe8a,0x03911fecabd6b4809c88e2e6eb856ec932b2ee3e,1374,Zombie
1518841862,PunkBought,0x5462dee16b3f4d240ebbe52c9c4214c912ccdda4,0x7174039818a41e1ae40fdcfa3e293b0f41592af2,3328,Zombie
1520494518,PunkTransfer,0x00bd9fd57c423a1b1c969823d409156d90974d77,0xca8fe4acb1cb8b5550a3c71ffe2399f6c7016686,6304,Zombie
1524233903,PunkBought,0x8321795bdace7428d4fadfa30c2ee8e727e491e5,0xdde8df9a7dc9f68bdac815f493d1d731de911b5a,2560,Zombie
1524412399,PunkBought,0x58164b2d74c45f06cde451fc307092d55ebe5730,0x8e662143178bb8c797620a3a61f34a71832475b0,2329,Zombie
1525291344,PunkBought,0x8234be55f64ea91960b78357906cf5bebce81f3d,0x9aa6eb65f042e197d1293f36c5bb887dfb9e585c,8857,Zombie
1534282834,PunkBought,0x5462dee16b3f4d240ebbe52c9c4214c912ccdda4,0x3d826e692d336578bd4e1a4b7ba57aca8668c79f,6649,Zombie
1538491721,PunkBought,0x9788301db1cde6bb33205eec2e4f6d7c1ed54625,0x976b598539eef4e35297866ffce465d2e94b7cc7,6704,Zombie
1538520446,PunkTransfer,0x976b598539eef4e35297866ffce465d2e94b7cc7,0x243d84f6ff73cce185d883b24bbadb74f950de31,6704,Zombie
1542748257,PunkBought,0x4dcaf34d9fbc21c222c46bd0fc78b02609b00897,0x2db1c4419063939349431eb52f52b18b8ddbf592,2338,Zombie
1545720373,PunkBought,0xf5099e196469257c0d457e896a648d5f616af034,0xe8723d26ad5f7ff4ea8902d235f0a8f8b8802f6d,7756,Zombie
1547144905,PunkBought,0xe8723d26ad5f7ff4ea8902d235f0a8f8b8802f6d,0x9e199d8a3a39c9892b1c3ae348a382662dcbaa12,7756,Zombie
1550675291,PunkTransfer,0x723e66adff8760d522dd500e83ba56a3203aab33,0x66c7a7348250f453a37cf86410a946f9668de386,1658,Zombie
1550675637,PunkTransfer,0x723e66adff8760d522dd500e83ba56a3203aab33,0x66c7a7348250f453a37cf86410a946f9668de386,1748,Zombie
1550675688,PunkTransfer,0x723e66adff8760d522dd500e83ba56a3203aab33,0x66c7a7348250f453a37cf86410a946f9668de386,4874,Zombie
1550675762,PunkTransfer,0x723e66adff8760d522dd500e83ba56a3203aab33,0x66c7a7348250f453a37cf86410a946f9668de386,5253,Zombie
1550677532,PunkTransfer,0x723e66adff8760d522dd500e83ba56a3203aab33,0x66c7a7348250f453a37cf86410a946f9668de386,5299,Zombie
1550677624,PunkTransfer,0x723e66adff8760d522dd500e83ba56a3203aab33,0x66c7a7348250f453a37cf86410a946f9668de386,5312,Zombie
1550677658,PunkTransfer,0x723e66adff8760d522dd500e83ba56a3203aab33,0x66c7a7348250f453a37cf86410a946f9668de386,5336,Zombie
1550677700,PunkTransfer,0x723e66adff8760d522dd500e83ba56a3203aab33,0x66c7a7348250f453a37cf86410a946f9668de386,5489,Zombie
1550677837,PunkTransfer,0x723e66adff8760d522dd500e83ba56a3203aab33,0x66c7a7348250f453a37cf86410a946f9668de386,5761,Zombie
1550677943,PunkTransfer,0x723e66adff8760d522dd500e83ba56a3203aab33,0x66c7a7348250f453a37cf86410a946f9668de386,6515,Zombie
1550677943,PunkTransfer,0x723e66adff8760d522dd500e83ba56a3203aab33,0x66c7a7348250f453a37cf86410a946f9668de386,7014,Zombie
1550678148,PunkTransfer,0x723e66adff8760d522dd500e83ba56a3203aab33,0x66c7a7348250f453a37cf86410a946f9668de386,7127,Zombie
1550678186,PunkTransfer,0x723e66adff8760d522dd500e83ba56a3203aab33,0x66c7a7348250f453a37cf86410a946f9668de386,7660,Zombie
1550678367,PunkTransfer,0x723e66adff8760d522dd500e83ba56a3203aab33,0x66c7a7348250f453a37cf86410a946f9668de386,8386,Zombie
1550678423,PunkTransfer,0x723e66adff8760d522dd500e83ba56a3203aab33,0x66c7a7348250f453a37cf86410a946f9668de386,8957,Zombie
1550678506,PunkTransfer,0x723e66adff8760d522dd500e83ba56a3203aab33,0x66c7a7348250f453a37cf86410a946f9668de386,9955,Zombie
1550678506,PunkTransfer,0x723e66adff8760d522dd500e83ba56a3203aab33,0x66c7a7348250f453a37cf86410a946f9668de386,9804,Zombie
1550678534,PunkTransfer,0x723e66adff8760d522dd500e83ba56a3203aab33,0x66c7a7348250f453a37cf86410a946f9668de386,9838,Zombie
1556503664,PunkTransfer,0x5462dee16b3f4d240ebbe52c9c4214c912ccdda4,0xe83c750b2708320bb134796c555b80df39a3d97b,1478,Zombie
1556504009,PunkTransfer,0x5462dee16b3f4d240ebbe52c9c4214c912ccdda4,0xe83c750b2708320bb134796c555b80df39a3d97b,8472,Zombie
1556504041,PunkTransfer,0x5462dee16b3f4d240ebbe52c9c4214c912ccdda4,0xe83c750b2708320bb134796c555b80df39a3d97b,6784,Zombie
1556504204,PunkTransfer,0x5462dee16b3f4d240ebbe52c9c4214c912ccdda4,0xe83c750b2708320bb134796c555b80df39a3d97b,3393,Zombie
1556504282,PunkTransfer,0x5462dee16b3f4d240ebbe52c9c4214c912ccdda4,0xe83c750b2708320bb134796c555b80df39a3d97b,9474,Zombie
1556504381,PunkTransfer,0x5462dee16b3f4d240ebbe52c9c4214c912ccdda4,0xe83c750b2708320bb134796c555b80df39a3d97b,7121,Zombie
1556504418,PunkTransfer,0x5462dee16b3f4d240ebbe52c9c4214c912ccdda4,0xe83c750b2708320bb134796c555b80df39a3d97b,8553,Zombie
1556504434,PunkTransfer,0x5462dee16b3f4d240ebbe52c9c4214c912ccdda4,0xe83c750b2708320bb134796c555b80df39a3d97b,2066,Zombie
1556504523,PunkTransfer,0x5462dee16b3f4d240ebbe52c9c4214c912ccdda4,0xe83c750b2708320bb134796c555b80df39a3d97b,2566,Zombie
1556504566,PunkTransfer,0x5462dee16b3f4d240ebbe52c9c4214c912ccdda4,0xe83c750b2708320bb134796c555b80df39a3d97b,2424,Zombie
1556504576,PunkTransfer,0x5462dee16b3f4d240ebbe52c9c4214c912ccdda4,0x0000000000000000000000000000000000000001,3493,Zombie
1556504640,PunkTransfer,0x5462dee16b3f4d240ebbe52c9c4214c912ccdda4,0xe83c750b2708320bb134796c555b80df39a3d97b,8531,Zombie
1556504723,PunkTransfer,0x5462dee16b3f4d240ebbe52c9c4214c912ccdda4,0xe83c750b2708320bb134796c555b80df39a3d97b,5066,Zombie
1556504769,PunkTransfer,0x5462dee16b3f4d240ebbe52c9c4214c912ccdda4,0xe83c750b2708320bb134796c555b80df39a3d97b,6586,Zombie
1556504815,PunkTransfer,0x5462dee16b3f4d240ebbe52c9c4214c912ccdda4,0xe83c750b2708320bb134796c555b80df39a3d97b,8307,Zombie
1556504857,PunkTransfer,0x5462dee16b3f4d240ebbe52c9c4214c912ccdda4,0xe83c750b2708320bb134796c555b80df39a3d97b,3211,Zombie
1556504963,PunkTransfer,0x5462dee16b3f4d240ebbe52c9c4214c912ccdda4,0xe83c750b2708320bb134796c555b80df39a3d97b,3489,Zombie
1556505024,PunkTransfer,0x5462dee16b3f4d240ebbe52c9c4214c912ccdda4,0xe83c750b2708320bb134796c555b80df39a3d97b,2306,Zombie
1556505060,PunkTransfer,0x5462dee16b3f4d240ebbe52c9c4214c912ccdda4,0xe83c750b2708320bb134796c555b80df39a3d97b,5944,Zombie
1556505137,PunkTransfer,0x5462dee16b3f4d240ebbe52c9c4214c912ccdda4,0xe83c750b2708320bb134796c555b80df39a3d97b,3609,Zombie
1557777077,PunkBought,0xf5099e196469257c0d457e896a648d5f616af034,0xa7c98308c1b819aa995516bf621e17ed8bd04740,9203,Zombie
1559712993,PunkTransfer,0x7e5280b7b81c35b2a8eeac329d8a51ade5c6f354,0x0601d0235645a6ce6356ef11aa0b225c68605131,1935,Zombie
1559862189,PunkTransfer,0x00d7c902fbbcd3c9db2da80a439c94486c50eb81,0xe3d78ce35d90bc404a71121c4585b138bb3d419e,5742,Zombie
1568304566,PunkBought,0xf5099e196469257c0d457e896a648d5f616af034,0x7d438bf6567673867480b7923669bf349e6c8c12,3831,Zombie
1577570207,PunkTransfer,0x2db1c4419063939349431eb52f52b18b8ddbf592,0xfab9b89d9a0317f0f2a0e6643a1c956c66550ed4,2338,Zombie
1577990102,PunkBought,0x66c7a7348250f453a37cf86410a946f9668de386,0x78f0269f5b1ca914c8c58993f41181f89e212b27,9955,Zombie
1580848147,PunkTransfer,0xe83c750b2708320bb134796c555b80df39a3d97b,0xc352b534e8b987e036a93539fd6897f53488e56a,9474,Zombie
1581348331,PunkBought,0x8e662143178bb8c797620a3a61f34a71832475b0,0xc352b534e8b987e036a93539fd6897f53488e56a,2329,Zombie
1587874969,PunkBought,0xc24f574d6853f6f6a31c19d468a8c1b3f31c0e54,0x1f8adddd1afb62a35acbe9cb27b572183d00584e,2249,Zombie
1587902866,PunkTransfer,0x1f8adddd1afb62a35acbe9cb27b572183d00584e,0xb268f20c03c39f00425db32c424fd5272220496e,2249,Zombie
1588177632,PunkBought,0xa7c98308c1b819aa995516bf621e17ed8bd04740,0xaf5e63c7f54ff53e5475f2ff9a60ff3628b1bd61,9203,Zombie
1588274352,PunkTransfer,0xaf5e63c7f54ff53e5475f2ff9a60ff3628b1bd61,0x8dbbca57ea56290efa14d835bbfd34faf1d89753,9203,Zombie
1589662158,PunkBought,0x8321795bdace7428d4fadfa30c2ee8e727e491e5,0x51787a2c56d710c68140bdadefd3a98bff96feb4,4513,Zombie
1590671744,PunkBought,0x1aff1e0f1d5f76f92145a278d8c31af9ade783dd,0xf9dde1fed9a7ff50fdcfa72b8d9e0d4c7609d532,7458,Zombie
1591096819,PunkTransfer,0x51787a2c56d710c68140bdadefd3a98bff96feb4,0x1da5331994e781ab0e2af9f85bfce2037a514170,4513,Zombie
1591940165,PunkTransfer,0xf9dde1fed9a7ff50fdcfa72b8d9e0d4c7609d532,0xcaf789e911c357a122579e32c5a5dc9faf49cffe,7458,Zombie
1596524720,PunkTransfer,0xcaf789e911c357a122579e32c5a5dc9faf49cffe,0x7222a6c0136a624c9abb59d7807b8c80059dbb8e,7458,Zombie
1596524946,PunkTransfer,0x7222a6c0136a624c9abb59d7807b8c80059dbb8e,0xa31f5bd5cc1e975a3791015237951f9d6073c42e,7458,Zombie
1596590618,PunkTransfer,0xa31f5bd5cc1e975a3791015237951f9d6073c42e,0xf9dde1fed9a7ff50fdcfa72b8d9e0d4c7609d532,7458,Zombie
1596627821,PunkTransfer,0xf9dde1fed9a7ff50fdcfa72b8d9e0d4c7609d532,0x44b963cc2ebe639615cd6741baadc3a094750f78,7458,Zombie
1599428702,PunkBought,0xe83c750b2708320bb134796c555b80df39a3d97b,0x51787a2c56d710c68140bdadefd3a98bff96feb4,5944,Zombie
1599430740,PunkTransfer,0x51787a2c56d710c68140bdadefd3a98bff96feb4,0x1da5331994e781ab0e2af9f85bfce2037a514170,5944,Zombie
1599495043,PunkBought,0x9e199d8a3a39c9892b1c3ae348a382662dcbaa12,0x6f35b0cfc58eb1e21eef8a439bbb0ce4c929d32a,7756,Zombie
1600119681,PunkTransfer,0xe83c750b2708320bb134796c555b80df39a3d97b,0x77300de3acddd2e87b96bff1946f1371555fd315,2424,Zombie
1600119856,PunkTransfer,0x77300de3acddd2e87b96bff1946f1371555fd315,0xb7f7f6c52f2e2fdb1963eab30438024864c313f6,2424,Zombie
1600127800,PunkTransfer,0xe83c750b2708320bb134796c555b80df39a3d97b,0x77300de3acddd2e87b96bff1946f1371555fd315,2306,Zombie
1600127898,PunkTransfer,0x77300de3acddd2e87b96bff1946f1371555fd315,0xb7f7f6c52f2e2fdb1963eab30438024864c313f6,2306,Zombie
1600190236,PunkTransfer,0xe83c750b2708320bb134796c555b80df39a3d97b,0x77300de3acddd2e87b96bff1946f1371555fd315,5066,Zombie
1600190293,PunkTransfer,0x77300de3acddd2e87b96bff1946f1371555fd315,0xb7f7f6c52f2e2fdb1963eab30438024864c313f6,5066,Zombie
1600196407,PunkTransfer,0xb7f7f6c52f2e2fdb1963eab30438024864c313f6,0xcaf6fd54fb74c95b28f5e94952ca21b46e4071cc,5066,Zombie
1600351798,PunkTransfer,0xb7f7f6c52f2e2fdb1963eab30438024864c313f6,0xd387a6e4e84a6c86bd90c158c6028a58cc8ac459,2424,Zombie
1600374571,PunkTransfer,0xd387a6e4e84a6c86bd90c158c6028a58cc8ac459,0x219688c6156edea2e2ca7e2036c1c5b7f6451169,2424,Zombie
1600455309,PunkTransfer,0x8321795bdace7428d4fadfa30c2ee8e727e491e5,0x2817aa3541a74f2b58136924b20409ca63e44917,9909,Zombie
1600455401,PunkTransfer,0x2817aa3541a74f2b58136924b20409ca63e44917,0xb7f7f6c52f2e2fdb1963eab30438024864c313f6,9909,Zombie
1600540870,PunkTransfer,0x219688c6156edea2e2ca7e2036c1c5b7f6451169,0x10d6d942e5c3a6e81364a632a24c0a5a838541e0,2424,Zombie
1600541300,PunkTransfer,0x10d6d942e5c3a6e81364a632a24c0a5a838541e0,0xb7f7f6c52f2e2fdb1963eab30438024864c313f6,2424,Zombie
1600706023,PunkTransfer,0xb7f7f6c52f2e2fdb1963eab30438024864c313f6,0x219688c6156edea2e2ca7e2036c1c5b7f6451169,2424,Zombie
1600741104,PunkTransfer,0xe83c750b2708320bb134796c555b80df39a3d97b,0x77300de3acddd2e87b96bff1946f1371555fd315,8553,Zombie
1600741164,PunkTransfer,0x77300de3acddd2e87b96bff1946f1371555fd315,0xb7f7f6c52f2e2fdb1963eab30438024864c313f6,8553,Zombie
1600802819,PunkTransfer,0x219688c6156edea2e2ca7e2036c1c5b7f6451169,0x10d6d942e5c3a6e81364a632a24c0a5a838541e0,2424,Zombie
1600802857,PunkTransfer,0x10d6d942e5c3a6e81364a632a24c0a5a838541e0,0xb7f7f6c52f2e2fdb1963eab30438024864c313f6,2424,Zombie
1600811019,PunkTransfer,0x7e23a0a9fd1105ca4b1dc9b7e0f0aab3b7071caa,0x0b87ca227ba6bb755d823ad4fee2b8e9d0e7a409,9997,Zombie
1600811066,PunkTransfer,0x0b87ca227ba6bb755d823ad4fee2b8e9d0e7a409,0xb7f7f6c52f2e2fdb1963eab30438024864c313f6,9997,Zombie
1600975086,PunkTransfer,0x7d438bf6567673867480b7923669bf349e6c8c12,0xa18fd5dfbc015a115a247e2911fcb9d0a19c999a,3831,Zombie
1600975124,PunkTransfer,0xa18fd5dfbc015a115a247e2911fcb9d0a19c999a,0xb7f7f6c52f2e2fdb1963eab30438024864c313f6,3831,Zombie
1601028319,PunkTransfer,0xb7f7f6c52f2e2fdb1963eab30438024864c313f6,0xd387a6e4e84a6c86bd90c158c6028a58cc8ac459,3831,Zombie
1601028948,PunkTransfer,0xd387a6e4e84a6c86bd90c158c6028a58cc8ac459,0xbbdcba51b0c309a576ce02a0879977a17b14e70c,3831,Zombie
1601061891,PunkTransfer,0xb7f7f6c52f2e2fdb1963eab30438024864c313f6,0x8321795bdace7428d4fadfa30c2ee8e727e491e5,9909,Zombie
1601150047,PunkTransfer,0xe83c750b2708320bb134796c555b80df39a3d97b,0x77300de3acddd2e87b96bff1946f1371555fd315,8307,Zombie
1601150206,PunkTransfer,0x77300de3acddd2e87b96bff1946f1371555fd315,0xb7f7f6c52f2e2fdb1963eab30438024864c313f6,8307,Zombie
1601239674,PunkTransfer,0xb7f7f6c52f2e2fdb1963eab30438024864c313f6,0x843d81eaf23c0073426581de5a3735b060888f1b,2306,Zombie
1601263224,PunkTransfer,0xb7f7f6c52f2e2fdb1963eab30438024864c313f6,0x843d81eaf23c0073426581de5a3735b060888f1b,9997,Zombie
1601296276,PunkTransfer,0xb7f7f6c52f2e2fdb1963eab30438024864c313f6,0xe83c750b2708320bb134796c555b80df39a3d97b,8553,Zombie
1601303270,PunkTransfer,0x8321795bdace7428d4fadfa30c2ee8e727e491e5,0xb89ad8872955c76adb4d497bc4f5bad612d5dad1,4830,Zombie
1601327961,PunkTransfer,0xb7f7f6c52f2e2fdb1963eab30438024864c313f6,0xd387a6e4e84a6c86bd90c158c6028a58cc8ac459,8307,Zombie
1601370031,PunkTransfer,0xd387a6e4e84a6c86bd90c158c6028a58cc8ac459,0x77675847041c3a896f791aa5f357a8c33a38cbac,8307,Zombie
1601370131,PunkTransfer,0x77675847041c3a896f791aa5f357a8c33a38cbac,0xb7f7f6c52f2e2fdb1963eab30438024864c313f6,8307,Zombie
1601422654,PunkTransfer,0x1da5331994e781ab0e2af9f85bfce2037a514170,0x51787a2c56d710c68140bdadefd3a98bff96feb4,4513,Zombie
1601423199,PunkTransfer,0x51787a2c56d710c68140bdadefd3a98bff96feb4,0x356971a834f863a42f552ccba928be5dd4f200de,4513,Zombie
1601423356,PunkTransfer,0x356971a834f863a42f552ccba928be5dd4f200de,0xb7f7f6c52f2e2fdb1963eab30438024864c313f6,4513,Zombie
1601509655,PunkTransfer,0xb7f7f6c52f2e2fdb1963eab30438024864c313f6,0x219688c6156edea2e2ca7e2036c1c5b7f6451169,2424,Zombie
1601570009,PunkTransfer,0xb7f7f6c52f2e2fdb1963eab30438024864c313f6,0x843d81eaf23c0073426581de5a3735b060888f1b,8307,Zombie
1601573029,PunkTransfer,0x843d81eaf23c0073426581de5a3735b060888f1b,0x25dd159bb80ca4216a2693ca0394672e4600578f,8307,Zombie
1601715067,PunkTransfer,0x0ed6fed4df8480c1d1b3b78537cfb8f9c22a81ef,0x9c00c25fee258855360465f5c1759750c9a375a4,2484,Zombie
1601715355,PunkTransfer,0x9c00c25fee258855360465f5c1759750c9a375a4,0xf24a74caaf7861cdb08cd4edf3153671cbdf24d2,2484,Zombie
1601715405,PunkTransfer,0xf24a74caaf7861cdb08cd4edf3153671cbdf24d2,0xb7f7f6c52f2e2fdb1963eab30438024864c313f6,2484,Zombie
1601740003,PunkTransfer,0xb7f7f6c52f2e2fdb1963eab30438024864c313f6,0x97b052c9a4e8705c067ce0c197833bbd496f2612,4513,Zombie
1601750029,PunkTransfer,0xe83c750b2708320bb134796c555b80df39a3d97b,0x77300de3acddd2e87b96bff1946f1371555fd315,3609,Zombie
1601750164,PunkTransfer,0x77300de3acddd2e87b96bff1946f1371555fd315,0xb7f7f6c52f2e2fdb1963eab30438024864c313f6,3609,Zombie
1601929654,PunkTransfer,0x843d81eaf23c0073426581de5a3735b060888f1b,0x425d33d6bcb86ece121395133ed7f5c167f5fea4,9997,Zombie
1601929678,PunkTransfer,0x843d81eaf23c0073426581de5a3735b060888f1b,0x425d33d6bcb86ece121395133ed7f5c167f5fea4,2306,Zombie
1601931542,PunkTransfer,0x25dd159bb80ca4216a2693ca0394672e4600578f,0xcd1ab231cf7f0d876c0a99e1209c9227fd6f67e8,8307,Zombie
1601949410,PunkBought,0x219688c6156edea2e2ca7e2036c1c5b7f6451169,0x34cdf723e9f2d6eb562800807ce1803f7926cad0,2424,Zombie
1601950186,PunkBought,0x34cdf723e9f2d6eb562800807ce1803f7926cad0,0x219688c6156edea2e2ca7e2036c1c5b7f6451169,2424,Zombie
1602800152,PunkTransfer,0xb7f7f6c52f2e2fdb1963eab30438024864c313f6,0x9c00c25fee258855360465f5c1759750c9a375a4,2484,Zombie
1602961227,PunkTransfer,0x8321795bdace7428d4fadfa30c2ee8e727e491e5,0x2817aa3541a74f2b58136924b20409ca63e44917,6297,Zombie
1602961339,PunkTransfer,0x2817aa3541a74f2b58136924b20409ca63e44917,0xb7f7f6c52f2e2fdb1963eab30438024864c313f6,6297,Zombie
1603126876,PunkTransfer,0x243d84f6ff73cce185d883b24bbadb74f950de31,0x655533fae22bdde1d73bf7abe97c76f41ffff54d,6704,Zombie
1603715647,PunkTransfer,0xb89ad8872955c76adb4d497bc4f5bad612d5dad1,0x8321795bdace7428d4fadfa30c2ee8e727e491e5,4830,Zombie
1603828954,PunkTransfer,0xb7f7f6c52f2e2fdb1963eab30438024864c313f6,0x8321795bdace7428d4fadfa30c2ee8e727e491e5,6297,Zombie
1603872254,PunkBought,0x8321795bdace7428d4fadfa30c2ee8e727e491e5,0xf983557ec70fbf1a4b1e247af7bf10247e9b69c4,9909,Zombie
1603872373,PunkTransfer,0xf983557ec70fbf1a4b1e247af7bf10247e9b69c4,0xffb6d97bd1e7b7bd08595096d15037401a1f416b,9909,Zombie
1604265161,PunkBought,0x0ed6fed4df8480c1d1b3b78537cfb8f9c22a81ef,0x63a9dbce75413036b2b778e670aabd4493aaf9f3,1190,Zombie
1604442650,PunkBought,0x9c00c25fee258855360465f5c1759750c9a375a4,0xe8723d26ad5f7ff4ea8902d235f0a8f8b8802f6d,2484,Zombie
1605533220,PunkBought,0x655533fae22bdde1d73bf7abe97c76f41ffff54d,0x087173c12ec250a105aaf7cdc57d36958ee8c27d,6704,Zombie
1605551532,PunkTransfer,0x0ed6fed4df8480c1d1b3b78537cfb8f9c22a81ef,0x3499ee5c0b3cfe381340d5839d0d8a74ea452a7f,5412,Zombie
1605555055,PunkBought,0x3499ee5c0b3cfe381340d5839d0d8a74ea452a7f,0x82b1f29c5608238df2618f996827933c0d844079,5412,Zombie
1607065786,PunkTransfer,0x219688c6156edea2e2ca7e2036c1c5b7f6451169,0x10725af1f2919d0acc5cf294285d97710f980490,2424,Zombie
1607185789,PunkBought,0x63a9dbce75413036b2b778e670aabd4493aaf9f3,0xf0d6999725115e3ead3d927eb3329d63afaec09b,1190,Zombie
1607311959,PunkBought,0xe8723d26ad5f7ff4ea8902d235f0a8f8b8802f6d,0xef6d69922bc2d038cb508086846524f8011c4a74,2484,Zombie
1608413826,PunkTransfer,0xbbdcba51b0c309a576ce02a0879977a17b14e70c,0xd387a6e4e84a6c86bd90c158c6028a58cc8ac459,3831,Zombie
1608596724,PunkTransfer,0x425d33d6bcb86ece121395133ed7f5c167f5fea4,0x4ba2d1a96bc4a741740afaf9082a963f1420d5ec,2306,Zombie
1608596756,PunkTransfer,0x4ba2d1a96bc4a741740afaf9082a963f1420d5ec,0xb7f7f6c52f2e2fdb1963eab30438024864c313f6,2306,Zombie
1608596793,PunkTransfer,0x425d33d6bcb86ece121395133ed7f5c167f5fea4,0x4ba2d1a96bc4a741740afaf9082a963f1420d5ec,9997,Zombie
1608596856,PunkTransfer,0x4ba2d1a96bc4a741740afaf9082a963f1420d5ec,0xb7f7f6c52f2e2fdb1963eab30438024864c313f6,9997,Zombie
1608610824,PunkTransfer,0xb7f7f6c52f2e2fdb1963eab30438024864c313f6,0xe83c750b2708320bb134796c555b80df39a3d97b,3609,Zombie
1608611714,PunkTransfer,0xe83c750b2708320bb134796c555b80df39a3d97b,0x77300de3acddd2e87b96bff1946f1371555fd315,3609,Zombie
1608612171,PunkTransfer,0x77300de3acddd2e87b96bff1946f1371555fd315,0xb7f7f6c52f2e2fdb1963eab30438024864c313f6,3609,Zombie
1608670357,PunkTransfer,0xb268f20c03c39f00425db32c424fd5272220496e,0xbc5dad3942aaebdb1229c9a31923493e15b7699b,2249,Zombie
1608670945,PunkTransfer,0xbc5dad3942aaebdb1229c9a31923493e15b7699b,0xb7f7f6c52f2e2fdb1963eab30438024864c313f6,2249,Zombie
1608904892,PunkBought,0xd387a6e4e84a6c86bd90c158c6028a58cc8ac459,0xe614065a4ac6d478f141db4595325b537ffa2ea5,3831,Zombie
1609021250,PunkBought,0x0ed6fed4df8480c1d1b3b78537cfb8f9c22a81ef,0xbf6ccf49cc2874f01916d747a8fe97f14a082be0,2681,Zombie
1609023362,PunkBought,0x3d826e692d336578bd4e1a4b7ba57aca8668c79f,0xd387a6e4e84a6c86bd90c158c6028a58cc8ac459,6649,Zombie
1609284415,PunkTransfer,0xcaf6fd54fb74c95b28f5e94952ca21b46e4071cc,0x3b890c7206ce7aaf12e565d29a0df0758bf8e1e1,5066,Zombie
1609284562,PunkTransfer,0x3b890c7206ce7aaf12e565d29a0df0758bf8e1e1,0xb7f7f6c52f2e2fdb1963eab30438024864c313f6,5066,Zombie
1609310997,PunkTransfer,0xb7f7f6c52f2e2fdb1963eab30438024864c313f6,0xcaf6fd54fb74c95b28f5e94952ca21b46e4071cc,2249,Zombie
1609340781,PunkTransfer,0xe614065a4ac6d478f141db4595325b537ffa2ea5,0x7ea6030486fabd4844785c99a13dfd66ca05b386,3831,Zombie
1609349076,PunkTransfer,0xbf6ccf49cc2874f01916d747a8fe97f14a082be0,0xb4496906d6ea2685e7a46a14baefae9fe3bf0d2f,2681,Zombie
1609376393,PunkTransfer,0x10725af1f2919d0acc5cf294285d97710f980490,0xc0f6a1b0f64108d2e3a7ef0eaf4d4aa4bdf3b31e,2424,Zombie
1609376504,PunkTransfer,0xc0f6a1b0f64108d2e3a7ef0eaf4d4aa4bdf3b31e,0xb7f7f6c52f2e2fdb1963eab30438024864c313f6,2424,Zombie
1609387965,PunkTransfer,0xb7f7f6c52f2e2fdb1963eab30438024864c313f6,0x10725af1f2919d0acc5cf294285d97710f980490,5066,Zombie
1609500540,PunkBought,0x8321795bdace7428d4fadfa30c2ee8e727e491e5,0x7224a1a8750d77c182d7ade10b8edcbd3aae0e2d,9368,Zombie
1609609140,PunkTransfer,0x7ea6030486fabd4844785c99a13dfd66ca05b386,0xe614065a4ac6d478f141db4595325b537ffa2ea5,3831,Zombie
1609654899,PunkTransfer,0x10725af1f2919d0acc5cf294285d97710f980490,0xc0f6a1b0f64108d2e3a7ef0eaf4d4aa4bdf3b31e,5066,Zombie
1609655115,PunkTransfer,0xc0f6a1b0f64108d2e3a7ef0eaf4d4aa4bdf3b31e,0xb7f7f6c52f2e2fdb1963eab30438024864c313f6,5066,Zombie
1609657198,PunkTransfer,0xb7f7f6c52f2e2fdb1963eab30438024864c313f6,0x10725af1f2919d0acc5cf294285d97710f980490,9997,Zombie
1609782761,PunkTransfer,0xd387a6e4e84a6c86bd90c158c6028a58cc8ac459,0xe4c63b09f3823c567deb28bc0306553a90fdd6b0,6649,Zombie
1609795732,PunkTransfer,0xe4c63b09f3823c567deb28bc0306553a90fdd6b0,0xe614065a4ac6d478f141db4595325b537ffa2ea5,6649,Zombie
1609863680,PunkTransfer,0xe83c750b2708320bb134796c555b80df39a3d97b,0xb88f61e6fbda83fbfffabe364112137480398018,3211,Zombie
1610136594,PunkTransfer,0xf0d6999725115e3ead3d927eb3329d63afaec09b,0xcf74e42266de87aa1a3dfe1e1c5f46db0ac752b2,1190,Zombie
1610943526,PunkBought,0xe614065a4ac6d478f141db4595325b537ffa2ea5,0xf1b65881041243cb07b9a2067014350239af4116,6649,Zombie
1610943814,PunkBought,0xe614065a4ac6d478f141db4595325b537ffa2ea5,0xf1b65881041243cb07b9a2067014350239af4116,3831,Zombie
1611072510,PunkTransfer,0xf1b65881041243cb07b9a2067014350239af4116,0xd387a6e4e84a6c86bd90c158c6028a58cc8ac459,6649,Zombie
1611406717,PunkBought,0xd387a6e4e84a6c86bd90c158c6028a58cc8ac459,0xbe7516aef9d60c11f9a8d870736137dbdd8a22df,6649,Zombie
1611490682,PunkTransfer,0xbe7516aef9d60c11f9a8d870736137dbdd8a22df,0x76c0059ccbbd28d5515f9c9db5292a3f0365462e,6649,Zombie
1611490941,PunkTransfer,0x76c0059ccbbd28d5515f9c9db5292a3f0365462e,0xb7f7f6c52f2e2fdb1963eab30438024864c313f6,6649,Zombie
1611509287,PunkBought,0xf1b65881041243cb07b9a2067014350239af4116,0xf6bc89cc57e33c4e8053c4d8e63b70bf8c47e1a1,3831,Zombie
1611681294,PunkTransfer,0xb7f7f6c52f2e2fdb1963eab30438024864c313f6,0xbe7516aef9d60c11f9a8d870736137dbdd8a22df,2306,Zombie
1611727202,PunkTransfer,0x10725af1f2919d0acc5cf294285d97710f980490,0xc0f6a1b0f64108d2e3a7ef0eaf4d4aa4bdf3b31e,9997,Zombie
1611727313,PunkTransfer,0xc0f6a1b0f64108d2e3a7ef0eaf4d4aa4bdf3b31e,0xb7f7f6c52f2e2fdb1963eab30438024864c313f6,9997,Zombie
1611778682,PunkTransfer,0xb7f7f6c52f2e2fdb1963eab30438024864c313f6,0x10725af1f2919d0acc5cf294285d97710f980490,9997,Zombie
1611860160,PunkTransfer,0x9aa6eb65f042e197d1293f36c5bb887dfb9e585c,0x389747708cfe615ca6825243d476c0ebe268e192,8857,Zombie
1612030891,PunkTransfer,0xcbd482af76059e2a5e4a825c4cd5ced9f2dfe286,0x577ebc5de943e35cdf9ecb5bbe1f7d7cb6c7c647,6491,Zombie
1612735882,PunkBought,0x8321795bdace7428d4fadfa30c2ee8e727e491e5,0xc606bb4a465cccb880a82697dd7c35caefe9518c,6297,Zombie
1612791877,PunkBought,0x10725af1f2919d0acc5cf294285d97710f980490,0x0e44370ac1ffae7655bc810f5af038444ba821cb,9997,Zombie
1612838048,PunkTransfer,0xc606bb4a465cccb880a82697dd7c35caefe9518c,0x701f373df763308d96d8537822e8f9b2bae4e847,6297,Zombie
1613015179,PunkBought,0xe83c750b2708320bb134796c555b80df39a3d97b,0xb1adceddb2941033a090dd166a462fe1c2029484,3489,Zombie
1613015184,PunkBought,0xe83c750b2708320bb134796c555b80df39a3d97b,0xb1adceddb2941033a090dd166a462fe1c2029484,6784,Zombie
1613015189,PunkBought,0xe83c750b2708320bb134796c555b80df39a3d97b,0xb1adceddb2941033a090dd166a462fe1c2029484,8472,Zombie
1613016069,PunkBought,0xbe7516aef9d60c11f9a8d870736137dbdd8a22df,0x483ec3215a38908459914002aae0b76098768ef6,2306,Zombie
1613166965,PunkBought,0xc352b534e8b987e036a93539fd6897f53488e56a,0xba19ba5233b49794c33f01654e99a60e579e6f29,2329,Zombie
1613441326,PunkTransfer,0xc2f87f88df0f2c602a9a7dc2e89cecdb9790d972,0x88c50035b55cbc584a1b7db517e11e2d24a2e4ba,987,Zombie
1613530916,PunkBought,0xef6d69922bc2d038cb508086846524f8011c4a74,0x0ebd1ab9c0070e857541f9add5a909a8971d0bad,2484,Zombie
1613674448,PunkTransfer,0xba19ba5233b49794c33f01654e99a60e579e6f29,0x73d64b26af2d3cdb327795ae03fd9cd832d086ec,2329,Zombie
1613674492,PunkTransfer,0x73d64b26af2d3cdb327795ae03fd9cd832d086ec,0xb7f7f6c52f2e2fdb1963eab30438024864c313f6,2329,Zombie
1613678696,PunkTransfer,0xb7f7f6c52f2e2fdb1963eab30438024864c313f6,0xba19ba5233b49794c33f01654e99a60e579e6f29,5066,Zombie
1613754275,PunkBought,0xb4496906d6ea2685e7a46a14baefae9fe3bf0d2f,0x7f3aff2681ae4c82dc9c755ac9fed7b3429c047e,2681,Zombie
1614157405,PunkBought,0x365e35652879023f12b5cf4c44eb9c1cf2f6f549,0xd387a6e4e84a6c86bd90c158c6028a58cc8ac459,1119,Zombie
1614333044,PunkBought,0xd387a6e4e84a6c86bd90c158c6028a58cc8ac459,0x29b1b2d083456fd07b19649f8b85f9927a29b1ab,1119,Zombie
1614717131,PunkTransfer,0xb7f7f6c52f2e2fdb1963eab30438024864c313f6,0xef466e96326bd8cc34b9aabbf2b2ef82d603e6ad,3609,Zombie
1614846005,PunkBought,0x8321795bdace7428d4fadfa30c2ee8e727e491e5,0xfb5251bf63e23822efd3429c7557e72753060e59,5234,Zombie
1614977811,PunkBought,0xef466e96326bd8cc34b9aabbf2b2ef82d603e6ad,0x4eb676e95a17ee4abe750ed09a4a0a0b9ac26653,3609,Zombie
1615178749,PunkTransfer,0x29b1b2d083456fd07b19649f8b85f9927a29b1ab,0xf36972bbff0bb63dbc8f2c8a93625647b32e024b,1119,Zombie
1615662928,PunkBought,0xe83c750b2708320bb134796c555b80df39a3d97b,0x04ae2f0bda04f1405991d91c2e8420d6148369ea,3393,Zombie
1615705826,PunkTransfer,0xca8fe4acb1cb8b5550a3c71ffe2399f6c7016686,0x062c5432107e3b9ad924512209a7468b5c200fcd,6304,Zombie
1615860964,PunkTransfer,0xb1adceddb2941033a090dd166a462fe1c2029484,0x50dd57f50a17d57304e7a4f262da30beb31c2e87,3489,Zombie
1615861055,PunkTransfer,0xb1adceddb2941033a090dd166a462fe1c2029484,0x50dd57f50a17d57304e7a4f262da30beb31c2e87,6784,Zombie
1616013842,PunkTransfer,0xb1adceddb2941033a090dd166a462fe1c2029484,0x50dd57f50a17d57304e7a4f262da30beb31c2e87,8472,Zombie
1616168202,PunkTransfer,0x8321795bdace7428d4fadfa30c2ee8e727e491e5,0xb47a70df538b9a3b591bc5d75da66a04c879b291,4830,Zombie
1616168446,PunkTransfer,0x8321795bdace7428d4fadfa30c2ee8e727e491e5,0xb47a70df538b9a3b591bc5d75da66a04c879b291,5573,Zombie
1617041848,PunkBought,0x4eb676e95a17ee4abe750ed09a4a0a0b9ac26653,0x8847becadb5a21fbfbaf0e89c5d6cec4dbc854c1,3609,Zombie
1617061426,PunkTransfer,0x7f3aff2681ae4c82dc9c755ac9fed7b3429c047e,0xcfbae0fd418b61f563cfbceab3faad56e3a993b3,2681,Zombie
1617534237,PunkTransfer,0x0e44370ac1ffae7655bc810f5af038444ba821cb,0x279679e6b44ec547c6e0466e5efd7d47ef3a400f,9997,Zombie
1617656745,PunkTransfer,0x50dd57f50a17d57304e7a4f262da30beb31c2e87,0xb1adceddb2941033a090dd166a462fe1c2029484,3489,Zombie
1617911959,PunkBought,0x087173c12ec250a105aaf7cdc57d36958ee8c27d,0xa524d8b55ffa540b2ebee1d2d72716780ff5c24c,6704,Zombie
1617988674,PunkTransfer,0x0ebd1ab9c0070e857541f9add5a909a8971d0bad,0x54d7f921785ebe46010d83c73712e80dfaff1e81,2484,Zombie
1618085963,PunkTransfer,0x8847becadb5a21fbfbaf0e89c5d6cec4dbc854c1,0x4ea36c63bed2db5d4fb07712bf3d8a376056392b,3609,Zombie
1618221879,PunkTransfer,0x4ea36c63bed2db5d4fb07712bf3d8a376056392b,0x8f58b7d6f42e56964ce5c6c2dbd2a5b45db25a5f,3609,Zombie
1618743868,PunkBought,0x483ec3215a38908459914002aae0b76098768ef6,0xf8cc874fe4696131725018138fc4bb44866433e0,2306,Zombie
1618744154,PunkTransfer,0xf8cc874fe4696131725018138fc4bb44866433e0,0xa351a4fffceed60b6d4351e1b20c55e3a6fb5503,2306,Zombie
1618815924,PunkBought,0x54d7f921785ebe46010d83c73712e80dfaff1e81,0xab61cc776cc19af7e99d3ba4539435311fa74e8a,2484,Zombie
1618859609,PunkTransfer,0x50dd57f50a17d57304e7a4f262da30beb31c2e87,0xb1adceddb2941033a090dd166a462fe1c2029484,6784,Zombie
1618859630,PunkTransfer,0x50dd57f50a17d57304e7a4f262da30beb31c2e87,0xb1adceddb2941033a090dd166a462fe1c2029484,8472,Zombie
1619327451,PunkTransfer,0x5f7190b7943858b7bdd24f069241612091c6a986,0x69021ae8769586d56791d29615959997c2012b99,4747,Zombie
1619376491,PunkTransfer,0xe3d78ce35d90bc404a71121c4585b138bb3d419e,0xa25803ab86a327786bb59395fc0164d826b98298,5742,Zombie
1619647501,PunkTransfer,0xab61cc776cc19af7e99d3ba4539435311fa74e8a,0xe301612b0751f6d862a27be205fb8e3c40c8c6db,2484,Zombie
1619721686,PunkTransfer,0xe83c750b2708320bb134796c555b80df39a3d97b,0x54be3a794282c030b15e43ae2bb182e14c409c5e,2566,Zombie
1619937563,PunkBought,0xe83c750b2708320bb134796c555b80df39a3d97b,0x50664ede715e131f584d3e7eaabd7818bb20a068,2066,Zombie
1620057920,PunkTransfer,0xb1adceddb2941033a090dd166a462fe1c2029484,0x50dd57f50a17d57304e7a4f262da30beb31c2e87,8472,Zombie
1620057920,PunkTransfer,0xb1adceddb2941033a090dd166a462fe1c2029484,0x50dd57f50a17d57304e7a4f262da30beb31c2e87,3489,Zombie
1620057920,PunkTransfer,0xb1adceddb2941033a090dd166a462fe1c2029484,0x50dd57f50a17d57304e7a4f262da30beb31c2e87,6784,Zombie
1620066495,PunkTransfer,0xba19ba5233b49794c33f01654e99a60e579e6f29,0x73d64b26af2d3cdb327795ae03fd9cd832d086ec,5066,Zombie
1620066626,PunkTransfer,0x73d64b26af2d3cdb327795ae03fd9cd832d086ec,0xb7f7f6c52f2e2fdb1963eab30438024864c313f6,5066,Zombie
1620067317,PunkTransfer,0xb7f7f6c52f2e2fdb1963eab30438024864c313f6,0xba19ba5233b49794c33f01654e99a60e579e6f29,2329,Zombie
1620067499,PunkTransfer,0xba19ba5233b49794c33f01654e99a60e579e6f29,0x73d64b26af2d3cdb327795ae03fd9cd832d086ec,2329,Zombie
1620067705,PunkTransfer,0x73d64b26af2d3cdb327795ae03fd9cd832d086ec,0xb7f7f6c52f2e2fdb1963eab30438024864c313f6,2329,Zombie
1620068185,PunkTransfer,0xb7f7f6c52f2e2fdb1963eab30438024864c313f6,0xba19ba5233b49794c33f01654e99a60e579e6f29,5066,Zombie
1620069164,PunkTransfer,0xe83c750b2708320bb134796c555b80df39a3d97b,0x30fe9e1972a79f7351749602c5e3253de6310ba1,6586,Zombie
1620159919,PunkTransfer,0xba19ba5233b49794c33f01654e99a60e579e6f29,0x73d64b26af2d3cdb327795ae03fd9cd832d086ec,5066,Zombie
1620160120,PunkTransfer,0x73d64b26af2d3cdb327795ae03fd9cd832d086ec,0xb7f7f6c52f2e2fdb1963eab30438024864c313f6,5066,Zombie
1620161205,PunkTransfer,0xb7f7f6c52f2e2fdb1963eab30438024864c313f6,0xba19ba5233b49794c33f01654e99a60e579e6f29,2424,Zombie
1620161460,PunkTransfer,0xba19ba5233b49794c33f01654e99a60e579e6f29,0x73d64b26af2d3cdb327795ae03fd9cd832d086ec,2424,Zombie
1620161899,PunkTransfer,0x73d64b26af2d3cdb327795ae03fd9cd832d086ec,0xb7f7f6c52f2e2fdb1963eab30438024864c313f6,2424,Zombie
1620170596,PunkTransfer,0xb7f7f6c52f2e2fdb1963eab30438024864c313f6,0xba19ba5233b49794c33f01654e99a60e579e6f29,6649,Zombie
1620171051,PunkTransfer,0xba19ba5233b49794c33f01654e99a60e579e6f29,0x73d64b26af2d3cdb327795ae03fd9cd832d086ec,6649,Zombie
1620171229,PunkTransfer,0x73d64b26af2d3cdb327795ae03fd9cd832d086ec,0xb7f7f6c52f2e2fdb1963eab30438024864c313f6,6649,Zombie
1620179559,PunkTransfer,0xb7f7f6c52f2e2fdb1963eab30438024864c313f6,0xba19ba5233b49794c33f01654e99a60e579e6f29,5066,Zombie
1620305039,PunkTransfer,0x50664ede715e131f584d3e7eaabd7818bb20a068,0x1dcbc9fb10297917581ba3727c9888b0a53c69b7,2066,Zombie
1620305143,PunkTransfer,0x1dcbc9fb10297917581ba3727c9888b0a53c69b7,0xb7f7f6c52f2e2fdb1963eab30438024864c313f6,2066,Zombie
1620305835,PunkTransfer,0xb7f7f6c52f2e2fdb1963eab30438024864c313f6,0x50664ede715e131f584d3e7eaabd7818bb20a068,6649,Zombie
1620306143,PunkTransfer,0x50664ede715e131f584d3e7eaabd7818bb20a068,0x1dcbc9fb10297917581ba3727c9888b0a53c69b7,6649,Zombie
1620306179,PunkTransfer,0x1dcbc9fb10297917581ba3727c9888b0a53c69b7,0xb7f7f6c52f2e2fdb1963eab30438024864c313f6,6649,Zombie
1620306342,PunkTransfer,0xb7f7f6c52f2e2fdb1963eab30438024864c313f6,0x50664ede715e131f584d3e7eaabd7818bb20a068,2066,Zombie
1620362756,PunkTransfer,0x701f373df763308d96d8537822e8f9b2bae4e847,0xf3cad40f7f7b43ae2a4226a8c53420569458710c,6297,Zombie
1620542151,PunkTransfer,0x0cea5bd314d5f476f8b1613af143a922844c4ca6,0x9ad613e2f47d9babceff0441836ee2afcf05c472,8909,Zombie
1620954608,PunkTransfer,0x50dd57f50a17d57304e7a4f262da30beb31c2e87,0x8659044ea27ad1b91502bfe360075267148928ca,6784,Zombie
1621228695,PunkTransfer,0x97b052c9a4e8705c067ce0c197833bbd496f2612,0xc43473fa66237e9af3b2d886ee1205b81b14b2c8,4513,Zombie
1621315052,PunkBought,0xcf74e42266de87aa1a3dfe1e1c5f46db0ac752b2,0x43fb99c5bc88c9cfe4d67abdae0fb0a152899702,1190,Zombie
1621324464,PunkTransfer,0xb7f7f6c52f2e2fdb1963eab30438024864c313f6,0x1008b08f8bbf1cd933dd3948c94bd238092d189b,2424,Zombie
1621865020,PunkBought,0x1008b08f8bbf1cd933dd3948c94bd238092d189b,0xd6a984153acb6c9e2d788f08c2465a1358bb89a7,2424,Zombie
1624990821,PunkTransfer,0xe83c750b2708320bb134796c555b80df39a3d97b,0x89cbb15c7ab08a39328b0e3ddf8cffa8d7c50899,7121,Zombie
1625164826,PunkBought,0xf36972bbff0bb63dbc8f2c8a93625647b32e024b,0x6ec30fd91a504aad948839b985c7263888b2ad68,1119,Zombie
1625341057,PunkTransfer,0x89cbb15c7ab08a39328b0e3ddf8cffa8d7c50899,0x13c59c501f8557fb44724df06a85ccaeefc90374,7121,Zombie
1625426414,PunkBought,0x6611fe71c233e4e7510b2795c242c9a57790b376,0xd4b5d09a7f72ac7ebc1853fd2663bdd23c059b02,1886,Zombie
1625525377,PunkBought,0xf3cad40f7f7b43ae2a4226a8c53420569458710c,0xa15a5fd5a3f99d52b5741476572dff8d5c96580c,6297,Zombie
1626118315,PunkTransfer,0xa15a5fd5a3f99d52b5741476572dff8d5c96580c,0x93321b43d594aff66481261091b989afe4d8cb9f,6297,Zombie
1626390940,PunkTransfer,0xd4b5d09a7f72ac7ebc1853fd2663bdd23c059b02,0xc2d1c329655e75f02ef885b2a686773c7b2ce1d3,1886,Zombie
1626678460,PunkTransfer,0x279679e6b44ec547c6e0466e5efd7d47ef3a400f,0xe5fa914955e59529f041c8182378ec8f17b32516,9997,Zombie
1626935197,PunkTransfer,0x03911fecabd6b4809c88e2e6eb856ec932b2ee3e,0x8e7644918b3e280fb3b599ca381a4efcb7ade201,1374,Zombie
1627592693,PunkTransfer,0xb7f7f6c52f2e2fdb1963eab30438024864c313f6,0x8f217d5cccd08fd9dce24d6d42aba2bb4ff4785b,2329,Zombie
1627592721,PunkTransfer,0xb7f7f6c52f2e2fdb1963eab30438024864c313f6,0x8f217d5cccd08fd9dce24d6d42aba2bb4ff4785b,6649,Zombie
1627593625,PunkBought,0x8f217d5cccd08fd9dce24d6d42aba2bb4ff4785b,0x3b93cbfb99560ab275827d502c49d57a0e5ec5ce,2329,Zombie
1627594880,PunkBought,0x8f217d5cccd08fd9dce24d6d42aba2bb4ff4785b,0xe1d29d0a39962a9a8d2a297ebe82e166f8b8ec18,6649,Zombie
1627599614,PunkTransfer,0x50664ede715e131f584d3e7eaabd7818bb20a068,0x1dcbc9fb10297917581ba3727c9888b0a53c69b7,2066,Zombie
1627599681,PunkTransfer,0x1dcbc9fb10297917581ba3727c9888b0a53c69b7,0xb7f7f6c52f2e2fdb1963eab30438024864c313f6,2066,Zombie
1627688746,PunkBought,0xf6bc89cc57e33c4e8053c4d8e63b70bf8c47e1a1,0x1cbb87bb9a4dd0316189eede2277a58590dc124a,3831,Zombie
1627688798,PunkBought,0x50dd57f50a17d57304e7a4f262da30beb31c2e87,0x1cbb87bb9a4dd0316189eede2277a58590dc124a,8472,Zombie
1627707496,PunkTransfer,0xe83c750b2708320bb134796c555b80df39a3d97b,0x2cc12318de28edc9c753f7cb22100890af630c2d,8553,Zombie
1627707507,PunkTransfer,0xe83c750b2708320bb134796c555b80df39a3d97b,0x2cc12318de28edc9c753f7cb22100890af630c2d,1478,Zombie
1627708079,PunkTransfer,0xe83c750b2708320bb134796c555b80df39a3d97b,0x2cc12318de28edc9c753f7cb22100890af630c2d,8531,Zombie
1627740708,PunkBought,0xe1d29d0a39962a9a8d2a297ebe82e166f8b8ec18,0xff4c60814adc5ee4cdf9a57e0944b1e4678ff09c,6649,Zombie
1627791123,PunkTransfer,0xff4c60814adc5ee4cdf9a57e0944b1e4678ff09c,0x2e675eeae4747c248bfddbafaa3a8a2fdddaa44b,6649,Zombie
1627818624,PunkTransfer,0x36a5bc205df1ed65c86301022cfc343a6ce546ff,0x2f2f237d2e655cc0a6f6fef761e5aef13087e71f,7252,Zombie
1627818640,PunkTransfer,0x36a5bc205df1ed65c86301022cfc343a6ce546ff,0x2f2f237d2e655cc0a6f6fef761e5aef13087e71f,1526,Zombie
1627896189,PunkTransfer,0xe5fa914955e59529f041c8182378ec8f17b32516,0x944d3225a911852a2562d362117f6de7e44cd2ae,9997,Zombie
1628044287,PunkBought,0x2f2f237d2e655cc0a6f6fef761e5aef13087e71f,0x9fce8eb77fb67660cb134f4ee4c82a48f415f812,7252,Zombie
1628273936,PunkBought,0xfab9b89d9a0317f0f2a0e6643a1c956c66550ed4,0x7cd3fc0e4ef95897f9b8db951dfc075cc924ebbe,2338,Zombie
1628370634,PunkTransfer,0x0601d0235645a6ce6356ef11aa0b225c68605131,0x31a5ff62a1b2c0f030aee1661eab6513ae676e23,1935,Zombie
1629409359,PunkTransfer,0x50dd57f50a17d57304e7a4f262da30beb31c2e87,0x8599fd9ec18c2b8918b4dfba7d7f7b4573e4afbb,3489,Zombie
1629409403,PunkTransfer,0x8599fd9ec18c2b8918b4dfba7d7f7b4573e4afbb,0xb7f7f6c52f2e2fdb1963eab30438024864c313f6,3489,Zombie
1629681071,PunkTransfer,0xb7f7f6c52f2e2fdb1963eab30438024864c313f6,0x50dd57f50a17d57304e7a4f262da30beb31c2e87,3489,Zombie
1629786842,PunkBought,0x9fce8eb77fb67660cb134f4ee4c82a48f415f812,0x956d14b8b548ac2db7069ad33d7b86e6d99f2297,7252,Zombie
1629788811,PunkTransfer,0x956d14b8b548ac2db7069ad33d7b86e6d99f2297,0x85560dbef2533eec139b3e206b119fd700f90262,7252,Zombie
1629830557,PunkTransfer,0x1cbb87bb9a4dd0316189eede2277a58590dc124a,0x9fce8eb77fb67660cb134f4ee4c82a48f415f812,3831,Zombie
1629830557,PunkTransfer,0x1cbb87bb9a4dd0316189eede2277a58590dc124a,0x9fce8eb77fb67660cb134f4ee4c82a48f415f812,8472,Zombie
1630129201,PunkTransfer,0x85560dbef2533eec139b3e206b119fd700f90262,0x0a8f4037729accb854da856431a87b8a264d8c40,7252,Zombie
1630204757,PunkTransfer,0xb7f7f6c52f2e2fdb1963eab30438024864c313f6,0xd2c1a0138716f0f9987977111ba14182e6972630,2066,Zombie
1630205175,PunkTransfer,0xd2c1a0138716f0f9987977111ba14182e6972630,0xf3016b7608acfbec9df4ae1ead36bb5f1bad4ff4,2066,Zombie
1630269032,PunkTransfer,0x8dbbca57ea56290efa14d835bbfd34faf1d89753,0x0a28cb91b619faa000edd9addc6ce0fba2e4eb56,9203,Zombie
1630348099,PunkTransfer,0x9fce8eb77fb67660cb134f4ee4c82a48f415f812,0xce90a7949bb78892f159f428d0dc23a8e3584d75,8472,Zombie
1630348099,PunkTransfer,0x9fce8eb77fb67660cb134f4ee4c82a48f415f812,0xce90a7949bb78892f159f428d0dc23a8e3584d75,3831,Zombie
1630741739,PunkTransfer,0x9f41a4b4a09721fee705681963141035dc0023af,0xaff336d5653776e9ce858d9d28f9d755c53979df,6275,Zombie
1630768382,PunkBought,0xaff336d5653776e9ce858d9d28f9d755c53979df,0xd387a6e4e84a6c86bd90c158c6028a58cc8ac459,6275,Zombie
1630791541,PunkBought,0xd387a6e4e84a6c86bd90c158c6028a58cc8ac459,0xd2c1a0138716f0f9987977111ba14182e6972630,6275,Zombie
1631385683,PunkBought,0x389747708cfe615ca6825243d476c0ebe268e192,0xf2a70bedcc1ea9145cfc2eacc670e798a713b9ad,8857,Zombie
1631758317,PunkTransfer,0xf2a70bedcc1ea9145cfc2eacc670e798a713b9ad,0xdf37ac79f8e9b698c4ab57d30a41e7f272331391,8857,Zombie
1632854563,PunkTransfer,0x30fe9e1972a79f7351749602c5e3253de6310ba1,0xee20f88c3382d781a21057e0c901cb75569d25e9,6586,Zombie
1632916917,PunkTransfer,0x944d3225a911852a2562d362117f6de7e44cd2ae,0xf2ef5636b38ecf46324ac97957a514beda674d7d,9997,Zombie
1634318117,PunkTransfer,0xa351a4fffceed60b6d4351e1b20c55e3a6fb5503,0xba13f5e38aac6abac49ee0607f9cfa8ac4688a00,2306,Zombie
